"","Well","Sample","SampleType","Ct","WormNumber","strip.well","Line","Strain","Species","start","passage","days.on.plate"
"1","A4","FCX37","strip",Inf,0,1,"FCX37","SB454","sulstoni","4/7/2022 9:30","4/12/2022 8:30",4.958333333
"2","A5","FCX37","strip",36.894,3,9,"FCX37","SB454","sulstoni","4/7/2022 9:30","4/12/2022 8:30",4.958333333
"3","A6","FCX2","strip",32.371,0,1,"FCX2","JU1580","elegans","4/7/2022 9:30","4/12/2022 8:30",4.958333333
"4","A7","FCX2","strip",21.2372,3,9,"FCX2","JU1580","elegans","4/7/2022 9:30","4/12/2022 8:30",4.958333333
"5","A8","FCX1","strip",Inf,0,1,"FCX1","JU1580","elegans","4/7/2022 9:30","4/12/2022 8:30",4.958333333
"6","A9","FCX1","strip",35.9212,3,9,"FCX1","JU1580","elegans","4/7/2022 9:30","4/12/2022 8:30",4.958333333
"7","A10","FCX35","strip",Inf,0,1,"FCX35","SB454","sulstoni","4/7/2022 9:30","4/12/2022 8:30",4.958333333
"8","A11","FCX35","strip",Inf,3,9,"FCX35","SB454","sulstoni","4/7/2022 9:30","4/12/2022 8:30",4.958333333
"9","A12","FCX32","strip",Inf,0,1,"FCX32","JU1873","wallacei","4/7/2022 9:30","4/12/2022 8:30",4.958333333
"10","B4","FCX37","strip",Inf,1,2,"FCX37","SB454","sulstoni","4/7/2022 9:30","4/12/2022 8:30",4.958333333
"11","B5","FCX37","strip",34.3268,3,10,"FCX37","SB454","sulstoni","4/7/2022 9:30","4/12/2022 8:30",4.958333333
"12","B6","FCX2","strip",26.5172,1,2,"FCX2","JU1580","elegans","4/7/2022 9:30","4/12/2022 8:30",4.958333333
"13","B7","FCX2","strip",19.4039,3,10,"FCX2","JU1580","elegans","4/7/2022 9:30","4/12/2022 8:30",4.958333333
"14","B8","FCX1","strip",Inf,1,2,"FCX1","JU1580","elegans","4/7/2022 9:30","4/12/2022 8:30",4.958333333
"15","B9","FCX1","strip",Inf,3,10,"FCX1","JU1580","elegans","4/7/2022 9:30","4/12/2022 8:30",4.958333333
"16","B10","FCX35","strip",Inf,1,2,"FCX35","SB454","sulstoni","4/7/2022 9:30","4/12/2022 8:30",4.958333333
"17","B11","FCX35","strip",Inf,3,10,"FCX35","SB454","sulstoni","4/7/2022 9:30","4/12/2022 8:30",4.958333333
"18","B12","FCX32","strip",37.8039,1,2,"FCX32","JU1873","wallacei","4/7/2022 9:30","4/12/2022 8:30",4.958333333
"19","C4","FCX37","strip",Inf,1,3,"FCX37","SB454","sulstoni","4/7/2022 9:30","4/12/2022 8:30",4.958333333
"20","C5","FCX37","strip",Inf,3,11,"FCX37","SB454","sulstoni","4/7/2022 9:30","4/12/2022 8:30",4.958333333
"21","C6","FCX2","strip",18.3545,1,3,"FCX2","JU1580","elegans","4/7/2022 9:30","4/12/2022 8:30",4.958333333
"22","C7","FCX2","strip",13.9553,3,11,"FCX2","JU1580","elegans","4/7/2022 9:30","4/12/2022 8:30",4.958333333
"23","C8","FCX1","strip",Inf,1,3,"FCX1","JU1580","elegans","4/7/2022 9:30","4/12/2022 8:30",4.958333333
"24","C9","FCX1","strip",Inf,3,11,"FCX1","JU1580","elegans","4/7/2022 9:30","4/12/2022 8:30",4.958333333
"25","C10","FCX35","strip",Inf,1,3,"FCX35","SB454","sulstoni","4/7/2022 9:30","4/12/2022 8:30",4.958333333
"26","C11","FCX35","strip",Inf,3,11,"FCX35","SB454","sulstoni","4/7/2022 9:30","4/12/2022 8:30",4.958333333
"27","C12","FCX32","strip",Inf,1,3,"FCX32","JU1873","wallacei","4/7/2022 9:30","4/12/2022 8:30",4.958333333
"28","D4","FCX37","strip",Inf,1,4,"FCX37","SB454","sulstoni","4/7/2022 9:30","4/12/2022 8:30",4.958333333
"29","D5","FCX37","strip",32.6241,3,12,"FCX37","SB454","sulstoni","4/7/2022 9:30","4/12/2022 8:30",4.958333333
"30","D6","FCX2","strip",19.9274,1,4,"FCX2","JU1580","elegans","4/7/2022 9:30","4/12/2022 8:30",4.958333333
"31","D7","FCX2","strip",17.3529,3,12,"FCX2","JU1580","elegans","4/7/2022 9:30","4/12/2022 8:30",4.958333333
"32","D8","FCX1","strip",Inf,1,4,"FCX1","JU1580","elegans","4/7/2022 9:30","4/12/2022 8:30",4.958333333
"33","D9","FCX1","strip",Inf,3,12,"FCX1","JU1580","elegans","4/7/2022 9:30","4/12/2022 8:30",4.958333333
"34","D10","FCX35","strip",Inf,1,4,"FCX35","SB454","sulstoni","4/7/2022 9:30","4/12/2022 8:30",4.958333333
"35","D11","FCX35","strip",Inf,3,12,"FCX35","SB454","sulstoni","4/7/2022 9:30","4/12/2022 8:30",4.958333333
"36","D12","FCX32","strip",Inf,1,4,"FCX32","JU1873","wallacei","4/7/2022 9:30","4/12/2022 8:30",4.958333333
"37","E4","FCX37","strip",Inf,2,5,"FCX37","SB454","sulstoni","4/7/2022 9:30","4/12/2022 8:30",4.958333333
"38","E5","FCX37","strip",34.6571,3,13,"FCX37","SB454","sulstoni","4/7/2022 9:30","4/12/2022 8:30",4.958333333
"39","E6","FCX2","strip",20.0346,2,5,"FCX2","JU1580","elegans","4/7/2022 9:30","4/12/2022 8:30",4.958333333
"40","E7","FCX2","strip",18.7742,3,13,"FCX2","JU1580","elegans","4/7/2022 9:30","4/12/2022 8:30",4.958333333
"41","E8","FCX1","strip",Inf,2,5,"FCX1","JU1580","elegans","4/7/2022 9:30","4/12/2022 8:30",4.958333333
"42","E9","FCX1","strip",Inf,3,13,"FCX1","JU1580","elegans","4/7/2022 9:30","4/12/2022 8:30",4.958333333
"43","E10","FCX35","strip",Inf,2,5,"FCX35","SB454","sulstoni","4/7/2022 9:30","4/12/2022 8:30",4.958333333
"44","E11","FCX35","strip",35.9992,3,13,"FCX35","SB454","sulstoni","4/7/2022 9:30","4/12/2022 8:30",4.958333333
"45","E12","FCX32","strip",36,2,5,"FCX32","JU1873","wallacei","4/7/2022 9:30","4/12/2022 8:30",4.958333333
"46","F4","FCX37","strip",22.966,2,6,"FCX37","SB454","sulstoni","4/7/2022 9:30","4/12/2022 8:30",4.958333333
"47","F5","FCX37","strip",33.9022,3,14,"FCX37","SB454","sulstoni","4/7/2022 9:30","4/12/2022 8:30",4.958333333
"48","F6","FCX2","strip",17.2998,2,6,"FCX2","JU1580","elegans","4/7/2022 9:30","4/12/2022 8:30",4.958333333
"49","F7","FCX2","strip",24.6791,3,14,"FCX2","JU1580","elegans","4/7/2022 9:30","4/12/2022 8:30",4.958333333
"50","F8","FCX1","strip",Inf,2,6,"FCX1","JU1580","elegans","4/7/2022 9:30","4/12/2022 8:30",4.958333333
"51","F9","FCX1","strip",Inf,3,14,"FCX1","JU1580","elegans","4/7/2022 9:30","4/12/2022 8:30",4.958333333
"52","F10","FCX35","strip",34.8978,2,6,"FCX35","SB454","sulstoni","4/7/2022 9:30","4/12/2022 8:30",4.958333333
"53","F11","FCX35","strip",Inf,3,14,"FCX35","SB454","sulstoni","4/7/2022 9:30","4/12/2022 8:30",4.958333333
"54","F12","FCX32","strip",Inf,2,6,"FCX32","JU1873","wallacei","4/7/2022 9:30","4/12/2022 8:30",4.958333333
"55","G4","FCX37","strip",34.1172,2,7,"FCX37","SB454","sulstoni","4/7/2022 9:30","4/12/2022 8:30",4.958333333
"56","G5","FCX37","strip",19.5839,3,15,"FCX37","SB454","sulstoni","4/7/2022 9:30","4/12/2022 8:30",4.958333333
"57","G6","FCX2","strip",19.3508,2,7,"FCX2","JU1580","elegans","4/7/2022 9:30","4/12/2022 8:30",4.958333333
"58","G7","FCX2","strip",15.5364,3,15,"FCX2","JU1580","elegans","4/7/2022 9:30","4/12/2022 8:30",4.958333333
"59","G8","FCX1","strip",Inf,2,7,"FCX1","JU1580","elegans","4/7/2022 9:30","4/12/2022 8:30",4.958333333
"60","G9","FCX1","strip",Inf,3,15,"FCX1","JU1580","elegans","4/7/2022 9:30","4/12/2022 8:30",4.958333333
"61","G10","FCX35","strip",Inf,2,7,"FCX35","SB454","sulstoni","4/7/2022 9:30","4/12/2022 8:30",4.958333333
"62","G11","FCX35","strip",Inf,3,15,"FCX35","SB454","sulstoni","4/7/2022 9:30","4/12/2022 8:30",4.958333333
"63","G12","FCX32","strip",31.2969,2,7,"FCX32","JU1873","wallacei","4/7/2022 9:30","4/12/2022 8:30",4.958333333
"64","H4","FCX37","strip",32.8742,3,8,"FCX37","SB454","sulstoni","4/7/2022 9:30","4/12/2022 8:30",4.958333333
"65","H5","FCX37","strip",35.7927,3,16,"FCX37","SB454","sulstoni","4/7/2022 9:30","4/12/2022 8:30",4.958333333
"66","H6","FCX2","strip",18.4327,3,8,"FCX2","JU1580","elegans","4/7/2022 9:30","4/12/2022 8:30",4.958333333
"67","H7","FCX2","strip",24.7815,3,16,"FCX2","JU1580","elegans","4/7/2022 9:30","4/12/2022 8:30",4.958333333
"68","H8","FCX1","strip",Inf,3,8,"FCX1","JU1580","elegans","4/7/2022 9:30","4/12/2022 8:30",4.958333333
"69","H9","FCX1","strip",Inf,3,16,"FCX1","JU1580","elegans","4/7/2022 9:30","4/12/2022 8:30",4.958333333
"70","H10","FCX35","strip",Inf,3,8,"FCX35","SB454","sulstoni","4/7/2022 9:30","4/12/2022 8:30",4.958333333
"71","H11","FCX35","strip",Inf,3,16,"FCX35","SB454","sulstoni","4/7/2022 9:30","4/12/2022 8:30",4.958333333
"72","H12","FCX32","strip",34.7428,3,8,"FCX32","JU1873","wallacei","4/7/2022 9:30","4/12/2022 8:30",4.958333333
"73","A2","FCX32","strip",35.1624,3,9,"FCX32","JU1873","wallacei","4/7/2022 9:30","4/12/2022 8:30",4.958333333
"74","A3","FCX31","strip",Inf,0,1,"FCX31","JU1873","wallacei","4/7/2022 9:30","4/12/2022 8:30",4.958333333
"75","A4","FCX31","strip",Inf,3,9,"FCX31","JU1873","wallacei","4/7/2022 9:30","4/12/2022 8:30",4.958333333
"76","A5","FCX3","strip",Inf,0,1,"FCX3","JU4093","sp.66","4/7/2022 9:30","4/12/2022 12:10",5.111111111
"77","A6","FCX3","strip",Inf,3,9,"FCX3","JU4093","sp.66","4/7/2022 9:30","4/12/2022 12:10",5.111111111
"78","A7","FCX33","strip",Inf,0,1,"FCX33","JU1873","wallacei","4/7/2022 9:30","4/12/2022 12:10",5.111111111
"79","A8","FCX33","strip",Inf,3,9,"FCX33","JU1873","wallacei","4/7/2022 9:30","4/12/2022 12:10",5.111111111
"80","A9","FCX34","strip",Inf,0,1,"FCX34","JU1873","wallacei","4/7/2022 9:30","4/12/2022 12:10",5.111111111
"81","A10","FCX34","strip",35.4593,3,9,"FCX34","JU1873","wallacei","4/7/2022 9:30","4/12/2022 12:10",5.111111111
"82","A11","FCX4","strip",Inf,0,1,"FCX4","JU4093","sp.66","4/7/2022 9:30","4/12/2022 12:10",5.111111111
"83","A12","FCX4","strip",Inf,3,9,"FCX4","JU4093","sp.66","4/7/2022 9:30","4/12/2022 12:10",5.111111111
"84","B2","FCX32","strip",Inf,3,10,"FCX32","JU1873","wallacei","4/7/2022 9:30","4/12/2022 8:30",4.958333333
"85","B3","FCX31","strip",35.3989,1,2,"FCX31","JU1873","wallacei","4/7/2022 9:30","4/12/2022 8:30",4.958333333
"86","B4","FCX31","strip",33.0551,3,10,"FCX31","JU1873","wallacei","4/7/2022 9:30","4/12/2022 8:30",4.958333333
"87","B5","FCX3","strip",Inf,1,2,"FCX3","JU4093","sp.66","4/7/2022 9:30","4/12/2022 12:10",5.111111111
"88","B6","FCX3","strip",Inf,3,10,"FCX3","JU4093","sp.66","4/7/2022 9:30","4/12/2022 12:10",5.111111111
"89","B7","FCX33","strip",Inf,1,2,"FCX33","JU1873","wallacei","4/7/2022 9:30","4/12/2022 12:10",5.111111111
"90","B8","FCX33","strip",Inf,3,10,"FCX33","JU1873","wallacei","4/7/2022 9:30","4/12/2022 12:10",5.111111111
"91","B9","FCX34","strip",36.5168,1,2,"FCX34","JU1873","wallacei","4/7/2022 9:30","4/12/2022 12:10",5.111111111
"92","B10","FCX34","strip",Inf,3,10,"FCX34","JU1873","wallacei","4/7/2022 9:30","4/12/2022 12:10",5.111111111
"93","B11","FCX4","strip",Inf,1,2,"FCX4","JU4093","sp.66","4/7/2022 9:30","4/12/2022 12:10",5.111111111
"94","B12","FCX4","strip",Inf,3,10,"FCX4","JU4093","sp.66","4/7/2022 9:30","4/12/2022 12:10",5.111111111
"95","C2","FCX32","strip",Inf,3,11,"FCX32","JU1873","wallacei","4/7/2022 9:30","4/12/2022 8:30",4.958333333
"96","C3","FCX31","strip",Inf,1,3,"FCX31","JU1873","wallacei","4/7/2022 9:30","4/12/2022 8:30",4.958333333
"97","C4","FCX31","strip",Inf,3,11,"FCX31","JU1873","wallacei","4/7/2022 9:30","4/12/2022 8:30",4.958333333
"98","C5","FCX3","strip",Inf,1,3,"FCX3","JU4093","sp.66","4/7/2022 9:30","4/12/2022 12:10",5.111111111
"99","C6","FCX3","strip",25.0211,3,11,"FCX3","JU4093","sp.66","4/7/2022 9:30","4/12/2022 12:10",5.111111111
"100","C7","FCX33","strip",Inf,1,3,"FCX33","JU1873","wallacei","4/7/2022 9:30","4/12/2022 12:10",5.111111111
"101","C8","FCX33","strip",Inf,3,11,"FCX33","JU1873","wallacei","4/7/2022 9:30","4/12/2022 12:10",5.111111111
"102","C9","FCX34","strip",Inf,1,3,"FCX34","JU1873","wallacei","4/7/2022 9:30","4/12/2022 12:10",5.111111111
"103","C10","FCX34","strip",35.0464,3,11,"FCX34","JU1873","wallacei","4/7/2022 9:30","4/12/2022 12:10",5.111111111
"104","C11","FCX4","strip",Inf,1,3,"FCX4","JU4093","sp.66","4/7/2022 9:30","4/12/2022 12:10",5.111111111
"105","C12","FCX4","strip",Inf,3,11,"FCX4","JU4093","sp.66","4/7/2022 9:30","4/12/2022 12:10",5.111111111
"106","D2","FCX32","strip",35.3173,3,12,"FCX32","JU1873","wallacei","4/7/2022 9:30","4/12/2022 8:30",4.958333333
"107","D3","FCX31","strip",Inf,1,4,"FCX31","JU1873","wallacei","4/7/2022 9:30","4/12/2022 8:30",4.958333333
"108","D4","FCX31","strip",Inf,3,12,"FCX31","JU1873","wallacei","4/7/2022 9:30","4/12/2022 8:30",4.958333333
"109","D5","FCX3","strip",Inf,1,4,"FCX3","JU4093","sp.66","4/7/2022 9:30","4/12/2022 12:10",5.111111111
"110","D6","FCX3","strip",Inf,3,12,"FCX3","JU4093","sp.66","4/7/2022 9:30","4/12/2022 12:10",5.111111111
"111","D7","FCX33","strip",34.6154,1,4,"FCX33","JU1873","wallacei","4/7/2022 9:30","4/12/2022 12:10",5.111111111
"112","D8","FCX33","strip",35.422,3,12,"FCX33","JU1873","wallacei","4/7/2022 9:30","4/12/2022 12:10",5.111111111
"113","D9","FCX34","strip",Inf,1,4,"FCX34","JU1873","wallacei","4/7/2022 9:30","4/12/2022 12:10",5.111111111
"114","D10","FCX34","strip",35.7872,3,12,"FCX34","JU1873","wallacei","4/7/2022 9:30","4/12/2022 12:10",5.111111111
"115","D11","FCX4","strip",35.5128,1,4,"FCX4","JU4093","sp.66","4/7/2022 9:30","4/12/2022 12:10",5.111111111
"116","D12","FCX4","strip",34.7937,3,12,"FCX4","JU4093","sp.66","4/7/2022 9:30","4/12/2022 12:10",5.111111111
"117","E2","FCX32","strip",34.4218,3,13,"FCX32","JU1873","wallacei","4/7/2022 9:30","4/12/2022 8:30",4.958333333
"118","E3","FCX31","strip",Inf,2,5,"FCX31","JU1873","wallacei","4/7/2022 9:30","4/12/2022 8:30",4.958333333
"119","E4","FCX31","strip",Inf,3,13,"FCX31","JU1873","wallacei","4/7/2022 9:30","4/12/2022 8:30",4.958333333
"120","E5","FCX3","strip",Inf,2,5,"FCX3","JU4093","sp.66","4/7/2022 9:30","4/12/2022 12:10",5.111111111
"121","E6","FCX3","strip",Inf,3,13,"FCX3","JU4093","sp.66","4/7/2022 9:30","4/12/2022 12:10",5.111111111
"122","E7","FCX33","strip",Inf,2,5,"FCX33","JU1873","wallacei","4/7/2022 9:30","4/12/2022 12:10",5.111111111
"123","E8","FCX33","strip",Inf,3,13,"FCX33","JU1873","wallacei","4/7/2022 9:30","4/12/2022 12:10",5.111111111
"124","E9","FCX34","strip",Inf,2,5,"FCX34","JU1873","wallacei","4/7/2022 9:30","4/12/2022 12:10",5.111111111
"125","E10","FCX34","strip",34.019,3,13,"FCX34","JU1873","wallacei","4/7/2022 9:30","4/12/2022 12:10",5.111111111
"126","E11","FCX4","strip",Inf,2,5,"FCX4","JU4093","sp.66","4/7/2022 9:30","4/12/2022 12:10",5.111111111
"127","E12","FCX4","strip",Inf,3,13,"FCX4","JU4093","sp.66","4/7/2022 9:30","4/12/2022 12:10",5.111111111
"128","F2","FCX32","strip",35.7483,3,14,"FCX32","JU1873","wallacei","4/7/2022 9:30","4/12/2022 8:30",4.958333333
"129","F3","FCX31","strip",35.3345,2,6,"FCX31","JU1873","wallacei","4/7/2022 9:30","4/12/2022 8:30",4.958333333
"130","F4","FCX31","strip",Inf,3,14,"FCX31","JU1873","wallacei","4/7/2022 9:30","4/12/2022 8:30",4.958333333
"131","F5","FCX3","strip",Inf,2,6,"FCX3","JU4093","sp.66","4/7/2022 9:30","4/12/2022 12:10",5.111111111
"132","F6","FCX3","strip",Inf,3,14,"FCX3","JU4093","sp.66","4/7/2022 9:30","4/12/2022 12:10",5.111111111
"133","F7","FCX33","strip",Inf,2,6,"FCX33","JU1873","wallacei","4/7/2022 9:30","4/12/2022 12:10",5.111111111
"134","F8","FCX33","strip",35.5699,3,14,"FCX33","JU1873","wallacei","4/7/2022 9:30","4/12/2022 12:10",5.111111111
"135","F9","FCX34","strip",35.5131,2,6,"FCX34","JU1873","wallacei","4/7/2022 9:30","4/12/2022 12:10",5.111111111
"136","F10","FCX34","strip",Inf,3,14,"FCX34","JU1873","wallacei","4/7/2022 9:30","4/12/2022 12:10",5.111111111
"137","F11","FCX4","strip",Inf,2,6,"FCX4","JU4093","sp.66","4/7/2022 9:30","4/12/2022 12:10",5.111111111
"138","F12","FCX4","strip",35.4198,3,14,"FCX4","JU4093","sp.66","4/7/2022 9:30","4/12/2022 12:10",5.111111111
"139","G2","FCX32","strip",Inf,3,15,"FCX32","JU1873","wallacei","4/7/2022 9:30","4/12/2022 8:30",4.958333333
"140","G3","FCX31","strip",Inf,2,7,"FCX31","JU1873","wallacei","4/7/2022 9:30","4/12/2022 8:30",4.958333333
"141","G4","FCX31","strip",Inf,3,15,"FCX31","JU1873","wallacei","4/7/2022 9:30","4/12/2022 8:30",4.958333333
"142","G5","FCX3","strip",Inf,2,7,"FCX3","JU4093","sp.66","4/7/2022 9:30","4/12/2022 12:10",5.111111111
"143","G6","FCX3","strip",Inf,3,15,"FCX3","JU4093","sp.66","4/7/2022 9:30","4/12/2022 12:10",5.111111111
"144","G7","FCX33","strip",35.5259,2,7,"FCX33","JU1873","wallacei","4/7/2022 9:30","4/12/2022 12:10",5.111111111
"145","G8","FCX33","strip",Inf,3,15,"FCX33","JU1873","wallacei","4/7/2022 9:30","4/12/2022 12:10",5.111111111
"146","G9","FCX34","strip",35.5995,2,7,"FCX34","JU1873","wallacei","4/7/2022 9:30","4/12/2022 12:10",5.111111111
"147","G10","FCX34","strip",Inf,3,15,"FCX34","JU1873","wallacei","4/7/2022 9:30","4/12/2022 12:10",5.111111111
"148","G11","FCX4","strip",Inf,2,7,"FCX4","JU4093","sp.66","4/7/2022 9:30","4/12/2022 12:10",5.111111111
"149","G12","FCX4","strip",35.3465,3,15,"FCX4","JU4093","sp.66","4/7/2022 9:30","4/12/2022 12:10",5.111111111
"150","H2","FCX32","strip",35.2781,3,16,"FCX32","JU1873","wallacei","4/7/2022 9:30","4/12/2022 8:30",4.958333333
"151","H3","FCX31","strip",Inf,3,8,"FCX31","JU1873","wallacei","4/7/2022 9:30","4/12/2022 8:30",4.958333333
"152","H4","FCX31","strip",Inf,3,16,"FCX31","JU1873","wallacei","4/7/2022 9:30","4/12/2022 8:30",4.958333333
"153","H5","FCX3","strip",34.639,3,8,"FCX3","JU4093","sp.66","4/7/2022 9:30","4/12/2022 12:10",5.111111111
"154","H6","FCX3","strip",Inf,3,16,"FCX3","JU4093","sp.66","4/7/2022 9:30","4/12/2022 12:10",5.111111111
"155","H7","FCX33","strip",35.8349,3,8,"FCX33","JU1873","wallacei","4/7/2022 9:30","4/12/2022 12:10",5.111111111
"156","H8","FCX33","strip",Inf,3,16,"FCX33","JU1873","wallacei","4/7/2022 9:30","4/12/2022 12:10",5.111111111
"157","H9","FCX34","strip",18.7746,3,8,"FCX34","JU1873","wallacei","4/7/2022 9:30","4/12/2022 12:10",5.111111111
"158","H10","FCX34","strip",36,3,16,"FCX34","JU1873","wallacei","4/7/2022 9:30","4/12/2022 12:10",5.111111111
"159","H11","FCX4","strip",Inf,3,8,"FCX4","JU4093","sp.66","4/7/2022 9:30","4/12/2022 12:10",5.111111111
"160","H12","FCX4","strip",35.2883,3,16,"FCX4","JU4093","sp.66","4/7/2022 9:30","4/12/2022 12:10",5.111111111
"161","A3","FCX38","strip",Inf,0,1,"FCX38","SB454","sulstoni","4/7/2022 9:30","4/12/2022 12:10",5.111111111
"162","A4","FCX38","strip",Inf,3,9,"FCX38","SB454","sulstoni","4/7/2022 9:30","4/12/2022 12:10",5.111111111
"163","A5","FCX5","strip",Inf,0,1,"FCX5","JU4093","sp.66","4/7/2022 9:30","4/13/2022 9:20",5.993055556
"164","A6","FCX5","strip",Inf,3,9,"FCX5","JU4093","sp.66","4/7/2022 9:30","4/13/2022 9:20",5.993055556
"165","A7","FCX14","strip",Inf,0,1,"FCX14","JU1428","tropicalis","4/7/2022 9:30","4/13/2022 9:20",5.993055556
"166","A8","FCX14","strip",Inf,3,9,"FCX14","JU1428","tropicalis","4/7/2022 9:30","4/13/2022 9:20",5.993055556
"167","A9","FCX10","strip",Inf,0,1,"FCX10","JU1857","macrosperma","4/7/2022 9:30","4/13/2022 9:20",5.993055556
"168","A10","FCX10","strip",35.8763,3,9,"FCX10","JU1857","macrosperma","4/7/2022 9:30","4/13/2022 9:20",5.993055556
"169","A11","FCX36","strip",Inf,0,1,"FCX36","SB454","sulstoni","4/7/2022 9:30","4/13/2022 9:20",5.993055556
"170","A12","FCX36","strip",20.4776,3,9,"FCX36","SB454","sulstoni","4/7/2022 9:30","4/13/2022 9:20",5.993055556
"171","B3","FCX38","strip",21.4427,1,2,"FCX38","SB454","sulstoni","4/7/2022 9:30","4/12/2022 12:10",5.111111111
"172","B4","FCX38","strip",28.2847,3,10,"FCX38","SB454","sulstoni","4/7/2022 9:30","4/12/2022 12:10",5.111111111
"173","B5","FCX5","strip",Inf,1,2,"FCX5","JU4093","sp.66","4/7/2022 9:30","4/13/2022 9:20",5.993055556
"174","B6","FCX5","strip",Inf,3,10,"FCX5","JU4093","sp.66","4/7/2022 9:30","4/13/2022 9:20",5.993055556
"175","B7","FCX14","strip",Inf,1,2,"FCX14","JU1428","tropicalis","4/7/2022 9:30","4/13/2022 9:20",5.993055556
"176","B8","FCX14","strip",Inf,3,10,"FCX14","JU1428","tropicalis","4/7/2022 9:30","4/13/2022 9:20",5.993055556
"177","B9","FCX10","strip",Inf,1,2,"FCX10","JU1857","macrosperma","4/7/2022 9:30","4/13/2022 9:20",5.993055556
"178","B10","FCX10","strip",Inf,3,10,"FCX10","JU1857","macrosperma","4/7/2022 9:30","4/13/2022 9:20",5.993055556
"179","B11","FCX36","strip",32.7438,1,2,"FCX36","SB454","sulstoni","4/7/2022 9:30","4/13/2022 9:20",5.993055556
"180","B12","FCX36","strip",21.1046,3,10,"FCX36","SB454","sulstoni","4/7/2022 9:30","4/13/2022 9:20",5.993055556
"181","C3","FCX38","strip",Inf,1,3,"FCX38","SB454","sulstoni","4/7/2022 9:30","4/12/2022 12:10",5.111111111
"182","C4","FCX38","strip",23.0651,3,11,"FCX38","SB454","sulstoni","4/7/2022 9:30","4/12/2022 12:10",5.111111111
"183","C5","FCX5","strip",Inf,1,3,"FCX5","JU4093","sp.66","4/7/2022 9:30","4/13/2022 9:20",5.993055556
"184","C6","FCX5","strip",21.37,3,11,"FCX5","JU4093","sp.66","4/7/2022 9:30","4/13/2022 9:20",5.993055556
"185","C7","FCX14","strip",27.8762,1,3,"FCX14","JU1428","tropicalis","4/7/2022 9:30","4/13/2022 9:20",5.993055556
"186","C8","FCX14","strip",Inf,3,11,"FCX14","JU1428","tropicalis","4/7/2022 9:30","4/13/2022 9:20",5.993055556
"187","C9","FCX10","strip",Inf,1,3,"FCX10","JU1857","macrosperma","4/7/2022 9:30","4/13/2022 9:20",5.993055556
"188","C10","FCX10","strip",Inf,3,11,"FCX10","JU1857","macrosperma","4/7/2022 9:30","4/13/2022 9:20",5.993055556
"189","C11","FCX36","strip",24.9638,1,3,"FCX36","SB454","sulstoni","4/7/2022 9:30","4/13/2022 9:20",5.993055556
"190","C12","FCX36","strip",21.3187,3,11,"FCX36","SB454","sulstoni","4/7/2022 9:30","4/13/2022 9:20",5.993055556
"191","D1","FCX36","strip",21.8622,3,16,"FCX36","SB454","sulstoni","4/7/2022 9:30","4/13/2022 9:20",5.993055556
"192","D3","FCX38","strip",35.6694,1,4,"FCX38","SB454","sulstoni","4/7/2022 9:30","4/12/2022 12:10",5.111111111
"193","D4","FCX38","strip",19.5028,3,12,"FCX38","SB454","sulstoni","4/7/2022 9:30","4/12/2022 12:10",5.111111111
"194","D5","FCX5","strip",Inf,1,4,"FCX5","JU4093","sp.66","4/7/2022 9:30","4/13/2022 9:20",5.993055556
"195","D6","FCX5","strip",18.1108,3,12,"FCX5","JU4093","sp.66","4/7/2022 9:30","4/13/2022 9:20",5.993055556
"196","D7","FCX14","strip",Inf,1,4,"FCX14","JU1428","tropicalis","4/7/2022 9:30","4/13/2022 9:20",5.993055556
"197","D8","FCX14","strip",Inf,3,12,"FCX14","JU1428","tropicalis","4/7/2022 9:30","4/13/2022 9:20",5.993055556
"198","D9","FCX10","strip",Inf,1,4,"FCX10","JU1857","macrosperma","4/7/2022 9:30","4/13/2022 9:20",5.993055556
"199","D10","FCX10","strip",Inf,3,12,"FCX10","JU1857","macrosperma","4/7/2022 9:30","4/13/2022 9:20",5.993055556
"200","D11","FCX36","strip",25.2575,1,4,"FCX36","SB454","sulstoni","4/7/2022 9:30","4/13/2022 9:20",5.993055556
"201","D12","FCX36","strip",18.671,3,12,"FCX36","SB454","sulstoni","4/7/2022 9:30","4/13/2022 9:20",5.993055556
"202","E3","FCX38","strip",Inf,2,5,"FCX38","SB454","sulstoni","4/7/2022 9:30","4/12/2022 12:10",5.111111111
"203","E4","FCX38","strip",25.3041,3,13,"FCX38","SB454","sulstoni","4/7/2022 9:30","4/12/2022 12:10",5.111111111
"204","E5","FCX5","strip",35.8848,2,5,"FCX5","JU4093","sp.66","4/7/2022 9:30","4/13/2022 9:20",5.993055556
"205","E6","FCX5","strip",35.0921,3,13,"FCX5","JU4093","sp.66","4/7/2022 9:30","4/13/2022 9:20",5.993055556
"206","E7","FCX14","strip",Inf,2,5,"FCX14","JU1428","tropicalis","4/7/2022 9:30","4/13/2022 9:20",5.993055556
"207","E8","FCX14","strip",Inf,3,13,"FCX14","JU1428","tropicalis","4/7/2022 9:30","4/13/2022 9:20",5.993055556
"208","E9","FCX10","strip",Inf,2,5,"FCX10","JU1857","macrosperma","4/7/2022 9:30","4/13/2022 9:20",5.993055556
"209","E10","FCX10","strip",24.9738,3,13,"FCX10","JU1857","macrosperma","4/7/2022 9:30","4/13/2022 9:20",5.993055556
"210","E11","FCX36","strip",22.2318,2,5,"FCX36","SB454","sulstoni","4/7/2022 9:30","4/13/2022 9:20",5.993055556
"211","E12","FCX36","strip",26.8769,3,13,"FCX36","SB454","sulstoni","4/7/2022 9:30","4/13/2022 9:20",5.993055556
"212","F3","FCX38","strip",26.7534,2,6,"FCX38","SB454","sulstoni","4/7/2022 9:30","4/12/2022 12:10",5.111111111
"213","F4","FCX38","strip",36,3,14,"FCX38","SB454","sulstoni","4/7/2022 9:30","4/12/2022 12:10",5.111111111
"214","F5","FCX5","strip",28.4523,2,6,"FCX5","JU4093","sp.66","4/7/2022 9:30","4/13/2022 9:20",5.993055556
"215","F6","FCX5","strip",31.968,3,14,"FCX5","JU4093","sp.66","4/7/2022 9:30","4/13/2022 9:20",5.993055556
"216","F7","FCX14","strip",29.0488,2,6,"FCX14","JU1428","tropicalis","4/7/2022 9:30","4/13/2022 9:20",5.993055556
"217","F8","FCX14","strip",35.8674,3,14,"FCX14","JU1428","tropicalis","4/7/2022 9:30","4/13/2022 9:20",5.993055556
"218","F9","FCX10","strip",Inf,2,6,"FCX10","JU1857","macrosperma","4/7/2022 9:30","4/13/2022 9:20",5.993055556
"219","F10","FCX10","strip",Inf,3,14,"FCX10","JU1857","macrosperma","4/7/2022 9:30","4/13/2022 9:20",5.993055556
"220","F11","FCX36","strip",23.7559,2,6,"FCX36","SB454","sulstoni","4/7/2022 9:30","4/13/2022 9:20",5.993055556
"221","F12","FCX36","strip",20.1814,3,14,"FCX36","SB454","sulstoni","4/7/2022 9:30","4/13/2022 9:20",5.993055556
"222","G3","FCX38","strip",30.1878,2,7,"FCX38","SB454","sulstoni","4/7/2022 9:30","4/12/2022 12:10",5.111111111
"223","G4","FCX38","strip",20.4236,3,15,"FCX38","SB454","sulstoni","4/7/2022 9:30","4/12/2022 12:10",5.111111111
"224","G5","FCX5","strip",Inf,2,7,"FCX5","JU4093","sp.66","4/7/2022 9:30","4/13/2022 9:20",5.993055556
"225","G6","FCX5","strip",35.1391,3,15,"FCX5","JU4093","sp.66","4/7/2022 9:30","4/13/2022 9:20",5.993055556
"226","G7","FCX14","strip",Inf,2,7,"FCX14","JU1428","tropicalis","4/7/2022 9:30","4/13/2022 9:20",5.993055556
"227","G8","FCX14","strip",20.3885,3,15,"FCX14","JU1428","tropicalis","4/7/2022 9:30","4/13/2022 9:20",5.993055556
"228","G9","FCX10","strip",Inf,2,7,"FCX10","JU1857","macrosperma","4/7/2022 9:30","4/13/2022 9:20",5.993055556
"229","G10","FCX10","strip",35.64,3,15,"FCX10","JU1857","macrosperma","4/7/2022 9:30","4/13/2022 9:20",5.993055556
"230","G11","FCX36","strip",21.1919,2,7,"FCX36","SB454","sulstoni","4/7/2022 9:30","4/13/2022 9:20",5.993055556
"231","G12","FCX36","strip",21.9888,3,15,"FCX36","SB454","sulstoni","4/7/2022 9:30","4/13/2022 9:20",5.993055556
"232","H2","FCX36","strip",19.3193,3,8,"FCX36","SB454","sulstoni","4/7/2022 9:30","4/13/2022 9:20",5.993055556
"233","H3","FCX38","strip",20.0383,3,8,"FCX38","SB454","sulstoni","4/7/2022 9:30","4/12/2022 12:10",5.111111111
"234","H4","FCX38","strip",24.1195,3,16,"FCX38","SB454","sulstoni","4/7/2022 9:30","4/12/2022 12:10",5.111111111
"235","H5","FCX5","strip",Inf,3,8,"FCX5","JU4093","sp.66","4/7/2022 9:30","4/13/2022 9:20",5.993055556
"236","H6","FCX5","strip",30.371,3,16,"FCX5","JU4093","sp.66","4/7/2022 9:30","4/13/2022 9:20",5.993055556
"237","H7","FCX14","strip",Inf,3,8,"FCX14","JU1428","tropicalis","4/7/2022 9:30","4/13/2022 9:20",5.993055556
"238","H8","FCX14","strip",Inf,3,16,"FCX14","JU1428","tropicalis","4/7/2022 9:30","4/13/2022 9:20",5.993055556
"239","H9","FCX10","strip",Inf,3,8,"FCX10","JU1857","macrosperma","4/7/2022 9:30","4/13/2022 9:20",5.993055556
"240","H10","FCX10","strip",31.7102,3,16,"FCX10","JU1857","macrosperma","4/7/2022 9:30","4/13/2022 9:20",5.993055556
"241","A6","FCX8","strip",Inf,0,1,"FCX8","JU1857","macrosperma","4/7/2022 9:30","4/13/2022 9:20",5.993055556
"242","A7","FCX28","strip",Inf,0,1,"FCX28","VX80","latens","4/7/2022 9:30","4/13/2022 13:10",6.152777778
"243","A8","FCX28","strip",24.1623,3,9,"FCX28","VX80","latens","4/7/2022 9:30","4/13/2022 13:10",6.152777778
"244","A9","FCX9","strip",Inf,0,1,"FCX9","JU1857","macrosperma","4/7/2022 9:30","4/13/2022 13:10",6.152777778
"245","A10","FCX11","strip",Inf,0,1,"FCX11","JU1428","tropicalis","4/7/2022 9:30","4/13/2022 13:10",6.152777778
"246","A11","FCX13","strip",36,0,1,"FCX13","JU1428","tropicalis","4/7/2022 9:30","4/13/2022 13:10",6.152777778
"247","A12","FCX37","strip",Inf,0,1,"FCX37","SB454","sulstoni","4/7/2022 9:30","4/12/2022 8:30",4.958333333
"248","B6","FCX8","strip",Inf,1,2,"FCX8","JU1857","macrosperma","4/7/2022 9:30","4/13/2022 9:20",5.993055556
"249","B7","FCX28","strip",Inf,1,2,"FCX28","VX80","latens","4/7/2022 9:30","4/13/2022 13:10",6.152777778
"250","B8","FCX28","strip",Inf,3,10,"FCX28","VX80","latens","4/7/2022 9:30","4/13/2022 13:10",6.152777778
"251","B9","FCX9","strip",38.1712,1,2,"FCX9","JU1857","macrosperma","4/7/2022 9:30","4/13/2022 13:10",6.152777778
"252","B10","FCX11","strip",19.3918,1,2,"FCX11","JU1428","tropicalis","4/7/2022 9:30","4/13/2022 13:10",6.152777778
"253","B11","FCX13","strip",Inf,1,2,"FCX13","JU1428","tropicalis","4/7/2022 9:30","4/13/2022 13:10",6.152777778
"254","B12","FCX37","strip",29.1425,1,2,"FCX37","SB454","sulstoni","4/7/2022 9:30","4/12/2022 8:30",4.958333333
"255","C6","FCX8","strip",Inf,1,3,"FCX8","JU1857","macrosperma","4/7/2022 9:30","4/13/2022 9:20",5.993055556
"256","C7","FCX28","strip",Inf,1,3,"FCX28","VX80","latens","4/7/2022 9:30","4/13/2022 13:10",6.152777778
"257","C8","FCX28","strip",Inf,3,11,"FCX28","VX80","latens","4/7/2022 9:30","4/13/2022 13:10",6.152777778
"258","C9","FCX9","strip",27.1807,1,3,"FCX9","JU1857","macrosperma","4/7/2022 9:30","4/13/2022 13:10",6.152777778
"259","C10","FCX11","strip",Inf,1,3,"FCX11","JU1428","tropicalis","4/7/2022 9:30","4/13/2022 13:10",6.152777778
"260","C11","FCX13","strip",21.5479,1,3,"FCX13","JU1428","tropicalis","4/7/2022 9:30","4/13/2022 13:10",6.152777778
"261","C12","FCX37","strip",33.8979,1,3,"FCX37","SB454","sulstoni","4/7/2022 9:30","4/12/2022 8:30",4.958333333
"262","D6","FCX8","strip",Inf,1,4,"FCX8","JU1857","macrosperma","4/7/2022 9:30","4/13/2022 9:20",5.993055556
"263","D7","FCX28","strip",Inf,1,4,"FCX28","VX80","latens","4/7/2022 9:30","4/13/2022 13:10",6.152777778
"264","D8","FCX28","strip",24.2624,3,12,"FCX28","VX80","latens","4/7/2022 9:30","4/13/2022 13:10",6.152777778
"265","D9","FCX9","strip",Inf,1,4,"FCX9","JU1857","macrosperma","4/7/2022 9:30","4/13/2022 13:10",6.152777778
"266","D10","FCX11","strip",Inf,1,4,"FCX11","JU1428","tropicalis","4/7/2022 9:30","4/13/2022 13:10",6.152777778
"267","D11","FCX13","strip",18.966,1,4,"FCX13","JU1428","tropicalis","4/7/2022 9:30","4/13/2022 13:10",6.152777778
"268","D12","FCX37","strip",Inf,1,4,"FCX37","SB454","sulstoni","4/7/2022 9:30","4/12/2022 8:30",4.958333333
"269","E5","FCX20","strip",Inf,3,9,"FCX20","ZF1092","sp.25","4/7/2022 9:30","4/14/2022 8:40",6.965277778
"270","E6","FCX8","strip",28.1944,2,5,"FCX8","JU1857","macrosperma","4/7/2022 9:30","4/13/2022 9:20",5.993055556
"271","E7","FCX28","strip",Inf,2,5,"FCX28","VX80","latens","4/7/2022 9:30","4/13/2022 13:10",6.152777778
"272","E8","FCX28","strip",Inf,3,13,"FCX28","VX80","latens","4/7/2022 9:30","4/13/2022 13:10",6.152777778
"273","E9","FCX9","strip",37.1626,2,5,"FCX9","JU1857","macrosperma","4/7/2022 9:30","4/13/2022 13:10",6.152777778
"274","E10","FCX11","strip",35.9624,2,5,"FCX11","JU1428","tropicalis","4/7/2022 9:30","4/13/2022 13:10",6.152777778
"275","E11","FCX13","strip",22.0533,2,5,"FCX13","JU1428","tropicalis","4/7/2022 9:30","4/13/2022 13:10",6.152777778
"276","E12","FCX37","strip",Inf,2,5,"FCX37","SB454","sulstoni","4/7/2022 9:30","4/12/2022 8:30",4.958333333
"277","F5","FCX20","strip",Inf,3,10,"FCX20","ZF1092","sp.25","4/7/2022 9:30","4/14/2022 8:40",6.965277778
"278","F6","FCX8","strip",Inf,2,6,"FCX8","JU1857","macrosperma","4/7/2022 9:30","4/13/2022 9:20",5.993055556
"279","F7","FCX28","strip",Inf,2,6,"FCX28","VX80","latens","4/7/2022 9:30","4/13/2022 13:10",6.152777778
"280","F8","FCX28","strip",20.9788,3,14,"FCX28","VX80","latens","4/7/2022 9:30","4/13/2022 13:10",6.152777778
"281","F9","FCX9","strip",23.2275,2,6,"FCX9","JU1857","macrosperma","4/7/2022 9:30","4/13/2022 13:10",6.152777778
"282","F10","FCX11","strip",21.4907,2,6,"FCX11","JU1428","tropicalis","4/7/2022 9:30","4/13/2022 13:10",6.152777778
"283","F11","FCX13","strip",Inf,2,6,"FCX13","JU1428","tropicalis","4/7/2022 9:30","4/13/2022 13:10",6.152777778
"284","F12","FCX37","strip",Inf,2,6,"FCX37","SB454","sulstoni","4/7/2022 9:30","4/12/2022 8:30",4.958333333
"285","G5","FCX20","strip",Inf,3,11,"FCX20","ZF1092","sp.25","4/7/2022 9:30","4/14/2022 8:40",6.965277778
"286","G6","FCX8","strip",Inf,2,7,"FCX8","JU1857","macrosperma","4/7/2022 9:30","4/13/2022 9:20",5.993055556
"287","G7","FCX28","strip",Inf,2,7,"FCX28","VX80","latens","4/7/2022 9:30","4/13/2022 13:10",6.152777778
"288","G8","FCX28","strip",Inf,3,15,"FCX28","VX80","latens","4/7/2022 9:30","4/13/2022 13:10",6.152777778
"289","G9","FCX37","strip",Inf,3,9,"FCX37","SB454","sulstoni","4/7/2022 9:30","4/12/2022 8:30",4.958333333
"290","G10","FCX11","strip",Inf,2,7,"FCX11","JU1428","tropicalis","4/7/2022 9:30","4/13/2022 13:10",6.152777778
"291","G11","FCX13","strip",Inf,2,7,"FCX13","JU1428","tropicalis","4/7/2022 9:30","4/13/2022 13:10",6.152777778
"292","G12","FCX37","strip",Inf,2,7,"FCX37","SB454","sulstoni","4/7/2022 9:30","4/12/2022 8:30",4.958333333
"293","H5","FCX20","strip",32.1032,3,12,"FCX20","ZF1092","sp.25","4/7/2022 9:30","4/14/2022 8:40",6.965277778
"294","H6","FCX8","strip",Inf,3,8,"FCX8","JU1857","macrosperma","4/7/2022 9:30","4/13/2022 9:20",5.993055556
"295","H7","FCX28","strip",Inf,3,8,"FCX28","VX80","latens","4/7/2022 9:30","4/13/2022 13:10",6.152777778
"296","H8","FCX28","strip",37.0261,3,16,"FCX28","VX80","latens","4/7/2022 9:30","4/13/2022 13:10",6.152777778
"297","H9","FCX37","strip",Inf,3,8,"FCX37","SB454","sulstoni","4/7/2022 9:30","4/12/2022 8:30",4.958333333
"298","H10","FCX11","strip",Inf,3,8,"FCX11","JU1428","tropicalis","4/7/2022 9:30","4/13/2022 13:10",6.152777778
"299","H11","FCX13","strip",29.0976,3,8,"FCX13","JU1428","tropicalis","4/7/2022 9:30","4/13/2022 13:10",6.152777778
"300","H12","FCX37","strip",Inf,3,8,"FCX37","SB454","sulstoni","4/7/2022 9:30","4/12/2022 8:30",4.958333333
"301","A1","FCX12","strip",Inf,0,1,"FCX12","JU1428","tropicalis","4/7/2022 9:30","4/14/2022 8:40",6.965277778
"302","A2","FCX12","strip",Inf,3,9,"FCX12","JU1428","tropicalis","4/7/2022 9:30","4/14/2022 8:40",6.965277778
"303","A3","FCX19","strip",Inf,0,1,"FCX19","ZF1092","sp.25","4/7/2022 9:30","4/14/2022 8:40",6.965277778
"304","A4","FCX24","strip",Inf,0,1,"FCX24","JU1331","doughertyi","4/7/2022 9:30","4/14/2022 8:40",6.965277778
"305","A5","FCX24","strip",Inf,3,9,"FCX24","JU1331","doughertyi","4/7/2022 9:30","4/14/2022 8:40",6.965277778
"306","A6","FCX25","strip",Inf,0,1,"FCX25","JU1331","doughertyi","4/7/2022 9:30","4/14/2022 8:40",6.965277778
"307","A7","FCX20","strip",Inf,0,1,"FCX20","ZF1092","sp.25","4/7/2022 9:30","4/14/2022 8:40",6.965277778
"308","A8","FCX21","strip",Inf,0,1,"FCX21","ZF1092","sp.25","4/7/2022 9:30","4/15/2022 5:45",7.84375
"309","A9","FCX27","strip",38.161,0,1,"FCX27","VX80","latens","4/7/2022 9:30","4/15/2022 20:50",8.472222222
"310","A10","FCX22","strip",Inf,0,1,"FCX22","ZF1092","sp.25","4/7/2022 9:30","4/15/2022 5:45",7.84375
"311","A11","FCX22","strip",Inf,3,9,"FCX22","ZF1092","sp.25","4/7/2022 9:30","4/15/2022 5:45",7.84375
"312","A12","FCX21","strip",Inf,3,9,"FCX21","ZF1092","sp.25","4/7/2022 9:30","4/15/2022 5:45",7.84375
"313","B1","FCX12","strip",Inf,1,2,"FCX12","JU1428","tropicalis","4/7/2022 9:30","4/14/2022 8:40",6.965277778
"314","B2","FCX12","strip",Inf,3,10,"FCX12","JU1428","tropicalis","4/7/2022 9:30","4/14/2022 8:40",6.965277778
"315","B3","FCX19","strip",Inf,1,2,"FCX19","ZF1092","sp.25","4/7/2022 9:30","4/14/2022 8:40",6.965277778
"316","B4","FCX24","strip",Inf,1,2,"FCX24","JU1331","doughertyi","4/7/2022 9:30","4/14/2022 8:40",6.965277778
"317","B5","FCX24","strip",Inf,3,10,"FCX24","JU1331","doughertyi","4/7/2022 9:30","4/14/2022 8:40",6.965277778
"318","B6","FCX25","strip",Inf,1,2,"FCX25","JU1331","doughertyi","4/7/2022 9:30","4/14/2022 8:40",6.965277778
"319","B7","FCX20","strip",Inf,1,2,"FCX20","ZF1092","sp.25","4/7/2022 9:30","4/14/2022 8:40",6.965277778
"320","B8","FCX21","strip",Inf,1,2,"FCX21","ZF1092","sp.25","4/7/2022 9:30","4/15/2022 5:45",7.84375
"321","B9","FCX27","strip",Inf,1,2,"FCX27","VX80","latens","4/7/2022 9:30","4/15/2022 20:50",8.472222222
"322","B10","FCX22","strip",Inf,1,2,"FCX22","ZF1092","sp.25","4/7/2022 9:30","4/15/2022 5:45",7.84375
"323","B11","FCX22","strip",Inf,3,10,"FCX22","ZF1092","sp.25","4/7/2022 9:30","4/15/2022 5:45",7.84375
"324","B12","FCX21","strip",Inf,3,10,"FCX21","ZF1092","sp.25","4/7/2022 9:30","4/15/2022 5:45",7.84375
"325","C1","FCX12","strip",Inf,1,3,"FCX12","JU1428","tropicalis","4/7/2022 9:30","4/14/2022 8:40",6.965277778
"326","C2","FCX12","strip",Inf,3,11,"FCX12","JU1428","tropicalis","4/7/2022 9:30","4/14/2022 8:40",6.965277778
"327","C3","FCX19","strip",Inf,1,3,"FCX19","ZF1092","sp.25","4/7/2022 9:30","4/14/2022 8:40",6.965277778
"328","C4","FCX24","strip",Inf,1,3,"FCX24","JU1331","doughertyi","4/7/2022 9:30","4/14/2022 8:40",6.965277778
"329","C5","FCX24","strip",Inf,3,11,"FCX24","JU1331","doughertyi","4/7/2022 9:30","4/14/2022 8:40",6.965277778
"330","C6","FCX25","strip",Inf,1,3,"FCX25","JU1331","doughertyi","4/7/2022 9:30","4/14/2022 8:40",6.965277778
"331","C7","FCX20","strip",Inf,1,3,"FCX20","ZF1092","sp.25","4/7/2022 9:30","4/14/2022 8:40",6.965277778
"332","C8","FCX21","strip",Inf,1,3,"FCX21","ZF1092","sp.25","4/7/2022 9:30","4/15/2022 5:45",7.84375
"333","C9","FCX27","strip",Inf,1,3,"FCX27","VX80","latens","4/7/2022 9:30","4/15/2022 20:50",8.472222222
"334","C10","FCX22","strip",Inf,1,3,"FCX22","ZF1092","sp.25","4/7/2022 9:30","4/15/2022 5:45",7.84375
"335","C11","FCX22","strip",Inf,3,11,"FCX22","ZF1092","sp.25","4/7/2022 9:30","4/15/2022 5:45",7.84375
"336","C12","FCX21","strip",Inf,3,11,"FCX21","ZF1092","sp.25","4/7/2022 9:30","4/15/2022 5:45",7.84375
"337","D1","FCX12","strip",Inf,1,4,"FCX12","JU1428","tropicalis","4/7/2022 9:30","4/14/2022 8:40",6.965277778
"338","D2","FCX12","strip",Inf,3,12,"FCX12","JU1428","tropicalis","4/7/2022 9:30","4/14/2022 8:40",6.965277778
"339","D3","FCX19","strip",Inf,1,4,"FCX19","ZF1092","sp.25","4/7/2022 9:30","4/14/2022 8:40",6.965277778
"340","D4","FCX24","strip",Inf,1,4,"FCX24","JU1331","doughertyi","4/7/2022 9:30","4/14/2022 8:40",6.965277778
"341","D5","FCX24","strip",Inf,3,12,"FCX24","JU1331","doughertyi","4/7/2022 9:30","4/14/2022 8:40",6.965277778
"342","D6","FCX25","strip",Inf,1,4,"FCX25","JU1331","doughertyi","4/7/2022 9:30","4/14/2022 8:40",6.965277778
"343","D7","FCX20","strip",26.3226,1,4,"FCX20","ZF1092","sp.25","4/7/2022 9:30","4/14/2022 8:40",6.965277778
"344","D8","FCX21","strip",Inf,1,4,"FCX21","ZF1092","sp.25","4/7/2022 9:30","4/15/2022 5:45",7.84375
"345","D9","FCX27","strip",19.4016,1,4,"FCX27","VX80","latens","4/7/2022 9:30","4/15/2022 20:50",8.472222222
"346","D10","FCX22","strip",Inf,1,4,"FCX22","ZF1092","sp.25","4/7/2022 9:30","4/15/2022 5:45",7.84375
"347","D11","FCX22","strip",27.2203,3,12,"FCX22","ZF1092","sp.25","4/7/2022 9:30","4/15/2022 5:45",7.84375
"348","D12","FCX21","strip",Inf,3,12,"FCX21","ZF1092","sp.25","4/7/2022 9:30","4/15/2022 5:45",7.84375
"349","E1","FCX12","strip",Inf,2,5,"FCX12","JU1428","tropicalis","4/7/2022 9:30","4/14/2022 8:40",6.965277778
"350","E2","FCX12","strip",Inf,3,13,"FCX12","JU1428","tropicalis","4/7/2022 9:30","4/14/2022 8:40",6.965277778
"351","E3","FCX19","strip",Inf,2,5,"FCX19","ZF1092","sp.25","4/7/2022 9:30","4/14/2022 8:40",6.965277778
"352","E4","FCX24","strip",Inf,2,5,"FCX24","JU1331","doughertyi","4/7/2022 9:30","4/14/2022 8:40",6.965277778
"353","E5","FCX24","strip",Inf,3,13,"FCX24","JU1331","doughertyi","4/7/2022 9:30","4/14/2022 8:40",6.965277778
"354","E6","FCX25","strip",35.7322,2,5,"FCX25","JU1331","doughertyi","4/7/2022 9:30","4/14/2022 8:40",6.965277778
"355","E7","FCX20","strip",Inf,2,5,"FCX20","ZF1092","sp.25","4/7/2022 9:30","4/14/2022 8:40",6.965277778
"356","E8","FCX21","strip",Inf,2,5,"FCX21","ZF1092","sp.25","4/7/2022 9:30","4/15/2022 5:45",7.84375
"357","E9","FCX27","strip",Inf,2,5,"FCX27","VX80","latens","4/7/2022 9:30","4/15/2022 20:50",8.472222222
"358","E10","FCX22","strip",33.4915,2,5,"FCX22","ZF1092","sp.25","4/7/2022 9:30","4/15/2022 5:45",7.84375
"359","E11","FCX22","strip",Inf,3,13,"FCX22","ZF1092","sp.25","4/7/2022 9:30","4/15/2022 5:45",7.84375
"360","F1","FCX12","strip",Inf,2,6,"FCX12","JU1428","tropicalis","4/7/2022 9:30","4/14/2022 8:40",6.965277778
"361","F2","FCX12","strip",Inf,3,14,"FCX12","JU1428","tropicalis","4/7/2022 9:30","4/14/2022 8:40",6.965277778
"362","F3","FCX19","strip",Inf,2,6,"FCX19","ZF1092","sp.25","4/7/2022 9:30","4/14/2022 8:40",6.965277778
"363","F4","FCX24","strip",Inf,2,6,"FCX24","JU1331","doughertyi","4/7/2022 9:30","4/14/2022 8:40",6.965277778
"364","F5","FCX24","strip",Inf,3,14,"FCX24","JU1331","doughertyi","4/7/2022 9:30","4/14/2022 8:40",6.965277778
"365","F6","FCX25","strip",Inf,2,6,"FCX25","JU1331","doughertyi","4/7/2022 9:30","4/14/2022 8:40",6.965277778
"366","F7","FCX20","strip",35.2719,2,6,"FCX20","ZF1092","sp.25","4/7/2022 9:30","4/14/2022 8:40",6.965277778
"367","F8","FCX21","strip",Inf,2,6,"FCX21","ZF1092","sp.25","4/7/2022 9:30","4/15/2022 5:45",7.84375
"368","F9","FCX27","strip",Inf,2,6,"FCX27","VX80","latens","4/7/2022 9:30","4/15/2022 20:50",8.472222222
"369","F10","FCX22","strip",36.1399,2,6,"FCX22","ZF1092","sp.25","4/7/2022 9:30","4/15/2022 5:45",7.84375
"370","F11","FCX22","strip",36,3,14,"FCX22","ZF1092","sp.25","4/7/2022 9:30","4/15/2022 5:45",7.84375
"371","G1","FCX12","strip",Inf,2,7,"FCX12","JU1428","tropicalis","4/7/2022 9:30","4/14/2022 8:40",6.965277778
"372","G2","FCX12","strip",Inf,3,15,"FCX12","JU1428","tropicalis","4/7/2022 9:30","4/14/2022 8:40",6.965277778
"373","G3","FCX19","strip",Inf,2,7,"FCX19","ZF1092","sp.25","4/7/2022 9:30","4/14/2022 8:40",6.965277778
"374","G4","FCX24","strip",Inf,2,7,"FCX24","JU1331","doughertyi","4/7/2022 9:30","4/14/2022 8:40",6.965277778
"375","G5","FCX24","strip",Inf,3,15,"FCX24","JU1331","doughertyi","4/7/2022 9:30","4/14/2022 8:40",6.965277778
"376","G6","FCX25","strip",Inf,2,7,"FCX25","JU1331","doughertyi","4/7/2022 9:30","4/14/2022 8:40",6.965277778
"377","G7","FCX20","strip",Inf,2,7,"FCX20","ZF1092","sp.25","4/7/2022 9:30","4/14/2022 8:40",6.965277778
"378","G8","FCX21","strip",Inf,2,7,"FCX21","ZF1092","sp.25","4/7/2022 9:30","4/15/2022 5:45",7.84375
"379","G9","FCX27","strip",23.6467,2,7,"FCX27","VX80","latens","4/7/2022 9:30","4/15/2022 20:50",8.472222222
"380","G10","FCX22","strip",Inf,2,7,"FCX22","ZF1092","sp.25","4/7/2022 9:30","4/15/2022 5:45",7.84375
"381","G11","FCX22","strip",Inf,3,15,"FCX22","ZF1092","sp.25","4/7/2022 9:30","4/15/2022 5:45",7.84375
"382","H1","FCX12","strip",Inf,3,8,"FCX12","JU1428","tropicalis","4/7/2022 9:30","4/14/2022 8:40",6.965277778
"383","H2","FCX12","strip",31.6933,3,16,"FCX12","JU1428","tropicalis","4/7/2022 9:30","4/14/2022 8:40",6.965277778
"384","H3","FCX19","strip",34.1532,3,8,"FCX19","ZF1092","sp.25","4/7/2022 9:30","4/14/2022 8:40",6.965277778
"385","H4","FCX24","strip",Inf,3,8,"FCX24","JU1331","doughertyi","4/7/2022 9:30","4/14/2022 8:40",6.965277778
"386","H5","FCX24","strip",Inf,3,16,"FCX24","JU1331","doughertyi","4/7/2022 9:30","4/14/2022 8:40",6.965277778
"387","H6","FCX25","strip",Inf,3,8,"FCX25","JU1331","doughertyi","4/7/2022 9:30","4/14/2022 8:40",6.965277778
"388","H7","FCX20","strip",Inf,3,8,"FCX20","ZF1092","sp.25","4/7/2022 9:30","4/14/2022 8:40",6.965277778
"389","H8","FCX21","strip",Inf,3,8,"FCX21","ZF1092","sp.25","4/7/2022 9:30","4/15/2022 5:45",7.84375
"390","H9","FCX27","strip",Inf,3,8,"FCX27","VX80","latens","4/7/2022 9:30","4/15/2022 20:50",8.472222222
"391","H10","FCX22","strip",Inf,3,8,"FCX22","ZF1092","sp.25","4/7/2022 9:30","4/15/2022 5:45",7.84375
"392","H11","FCX22","strip",Inf,3,16,"FCX22","ZF1092","sp.25","4/7/2022 9:30","4/15/2022 5:45",7.84375
"393","A6","FCX27","strip",Inf,3,9,"FCX27","VX80","latens","4/7/2022 9:30","4/15/2022 20:50",8.472222222
"394","A7","FCX30","strip",Inf,0,1,"FCX30","VX80","latens","4/7/2022 9:30","4/15/2022 20:50",8.472222222
"395","A8","FCX30","strip",Inf,3,9,"FCX30","VX80","latens","4/7/2022 9:30","4/15/2022 20:50",8.472222222
"396","A9","FCX29","strip",Inf,0,1,"FCX29","VX80","latens","4/7/2022 9:30","4/15/2022 20:50",8.472222222
"397","A10","FCX17","strip",Inf,0,1,"FCX17","JU724","latens","4/7/2022 9:30","4/18/2022 9:00",10.97916667
"398","A11","FCX16","strip",Inf,0,1,"FCX16","JU724","latens","4/7/2022 9:30","4/18/2022 9:00",10.97916667
"399","A12","FCX29","strip",Inf,3,9,"FCX29","VX80","latens","4/7/2022 9:30","4/15/2022 20:50",8.472222222
"400","B6","FCX27","strip",Inf,3,10,"FCX27","VX80","latens","4/7/2022 9:30","4/15/2022 20:50",8.472222222
"401","B7","FCX30","strip",Inf,1,2,"FCX30","VX80","latens","4/7/2022 9:30","4/15/2022 20:50",8.472222222
"402","B8","FCX30","strip",Inf,3,10,"FCX30","VX80","latens","4/7/2022 9:30","4/15/2022 20:50",8.472222222
"403","B9","FCX29","strip",Inf,1,2,"FCX29","VX80","latens","4/7/2022 9:30","4/15/2022 20:50",8.472222222
"404","B10","FCX17","strip",Inf,1,2,"FCX17","JU724","latens","4/7/2022 9:30","4/18/2022 9:00",10.97916667
"405","B11","FCX16","strip",Inf,1,2,"FCX16","JU724","latens","4/7/2022 9:30","4/18/2022 9:00",10.97916667
"406","B12","FCX29","strip",Inf,3,10,"FCX29","VX80","latens","4/7/2022 9:30","4/15/2022 20:50",8.472222222
"407","C6","FCX27","strip",Inf,3,11,"FCX27","VX80","latens","4/7/2022 9:30","4/15/2022 20:50",8.472222222
"408","C7","FCX30","strip",36,1,3,"FCX30","VX80","latens","4/7/2022 9:30","4/15/2022 20:50",8.472222222
"409","C8","FCX30","strip",Inf,3,11,"FCX30","VX80","latens","4/7/2022 9:30","4/15/2022 20:50",8.472222222
"410","C9","FCX29","strip",Inf,1,3,"FCX29","VX80","latens","4/7/2022 9:30","4/15/2022 20:50",8.472222222
"411","C10","FCX17","strip",Inf,1,3,"FCX17","JU724","latens","4/7/2022 9:30","4/18/2022 9:00",10.97916667
"412","C11","FCX16","strip",Inf,1,3,"FCX16","JU724","latens","4/7/2022 9:30","4/18/2022 9:00",10.97916667
"413","C12","FCX29","strip",Inf,3,11,"FCX29","VX80","latens","4/7/2022 9:30","4/15/2022 20:50",8.472222222
"414","D6","FCX27","strip",Inf,3,12,"FCX27","VX80","latens","4/7/2022 9:30","4/15/2022 20:50",8.472222222
"415","D7","FCX30","strip",Inf,1,4,"FCX30","VX80","latens","4/7/2022 9:30","4/15/2022 20:50",8.472222222
"416","D8","FCX30","strip",33.4186,3,12,"FCX30","VX80","latens","4/7/2022 9:30","4/15/2022 20:50",8.472222222
"417","D9","FCX29","strip",Inf,1,4,"FCX29","VX80","latens","4/7/2022 9:30","4/15/2022 20:50",8.472222222
"418","D10","FCX17","strip",Inf,1,4,"FCX17","JU724","latens","4/7/2022 9:30","4/18/2022 9:00",10.97916667
"419","D11","FCX16","strip",Inf,1,4,"FCX16","JU724","latens","4/7/2022 9:30","4/18/2022 9:00",10.97916667
"420","D12","FCX29","strip",Inf,3,12,"FCX29","VX80","latens","4/7/2022 9:30","4/15/2022 20:50",8.472222222
"421","E6","FCX27","strip",Inf,3,13,"FCX27","VX80","latens","4/7/2022 9:30","4/15/2022 20:50",8.472222222
"422","E7","FCX30","strip",Inf,2,5,"FCX30","VX80","latens","4/7/2022 9:30","4/15/2022 20:50",8.472222222
"423","E8","FCX30","strip",Inf,3,13,"FCX30","VX80","latens","4/7/2022 9:30","4/15/2022 20:50",8.472222222
"424","E9","FCX29","strip",Inf,2,5,"FCX29","VX80","latens","4/7/2022 9:30","4/15/2022 20:50",8.472222222
"425","E10","FCX17","strip",Inf,2,5,"FCX17","JU724","latens","4/7/2022 9:30","4/18/2022 9:00",10.97916667
"426","E11","FCX16","strip",Inf,2,5,"FCX16","JU724","latens","4/7/2022 9:30","4/18/2022 9:00",10.97916667
"427","E12","FCX29","strip",25.3728,3,13,"FCX29","VX80","latens","4/7/2022 9:30","4/15/2022 20:50",8.472222222
"428","F6","FCX27","strip",26.3762,3,14,"FCX27","VX80","latens","4/7/2022 9:30","4/15/2022 20:50",8.472222222
"429","F7","FCX30","strip",Inf,2,6,"FCX30","VX80","latens","4/7/2022 9:30","4/15/2022 20:50",8.472222222
"430","F8","FCX30","strip",Inf,3,14,"FCX30","VX80","latens","4/7/2022 9:30","4/15/2022 20:50",8.472222222
"431","F9","FCX29","strip",Inf,2,6,"FCX29","VX80","latens","4/7/2022 9:30","4/15/2022 20:50",8.472222222
"432","F10","FCX17","strip",Inf,2,6,"FCX17","JU724","latens","4/7/2022 9:30","4/18/2022 9:00",10.97916667
"433","F11","FCX16","strip",Inf,2,6,"FCX16","JU724","latens","4/7/2022 9:30","4/18/2022 9:00",10.97916667
"434","F12","FCX29","strip",Inf,3,14,"FCX29","VX80","latens","4/7/2022 9:30","4/15/2022 20:50",8.472222222
"435","G6","FCX27","strip",Inf,3,15,"FCX27","VX80","latens","4/7/2022 9:30","4/15/2022 20:50",8.472222222
"436","G7","FCX30","strip",Inf,2,7,"FCX30","VX80","latens","4/7/2022 9:30","4/15/2022 20:50",8.472222222
"437","G8","FCX30","strip",Inf,3,15,"FCX30","VX80","latens","4/7/2022 9:30","4/15/2022 20:50",8.472222222
"438","G9","FCX29","strip",Inf,2,7,"FCX29","VX80","latens","4/7/2022 9:30","4/15/2022 20:50",8.472222222
"439","G10","FCX17","strip",Inf,2,7,"FCX17","JU724","latens","4/7/2022 9:30","4/18/2022 9:00",10.97916667
"440","G11","FCX16","strip",Inf,2,7,"FCX16","JU724","latens","4/7/2022 9:30","4/18/2022 9:00",10.97916667
"441","H6","FCX27","strip",Inf,3,16,"FCX27","VX80","latens","4/7/2022 9:30","4/15/2022 20:50",8.472222222
"442","H7","FCX30","strip",Inf,3,8,"FCX30","VX80","latens","4/7/2022 9:30","4/15/2022 20:50",8.472222222
"443","H8","FCX30","strip",Inf,3,16,"FCX30","VX80","latens","4/7/2022 9:30","4/15/2022 20:50",8.472222222
"444","H9","FCX29","strip",30.462,3,8,"FCX29","VX80","latens","4/7/2022 9:30","4/15/2022 20:50",8.472222222
"445","H10","FCX17","strip",Inf,3,8,"FCX17","JU724","latens","4/7/2022 9:30","4/18/2022 9:00",10.97916667
"446","H11","FCX16","strip",Inf,3,8,"FCX16","JU724","latens","4/7/2022 9:30","4/18/2022 9:00",10.97916667
"447","E7","FCX17","strip",Inf,3,9,"FCX17","JU724","latens","4/7/2022 9:30","4/18/2022 9:00",10.97916667
"448","E8","FCX17","strip",Inf,3,10,"FCX17","JU724","latens","4/7/2022 9:30","4/18/2022 9:00",10.97916667
"449","E9","FCX17","strip",35.2428,3,11,"FCX17","JU724","latens","4/7/2022 9:30","4/18/2022 9:00",10.97916667
"450","E10","FCX17","strip",Inf,3,12,"FCX17","JU724","latens","4/7/2022 9:30","4/18/2022 9:00",10.97916667
"451","E11","FCX17","strip",26.5968,3,13,"FCX17","JU724","latens","4/7/2022 9:30","4/18/2022 9:00",10.97916667
"452","E12","FCX17","strip",35.2455,3,14,"FCX17","JU724","latens","4/7/2022 9:30","4/18/2022 9:00",10.97916667
"453","F1","FCX17","strip",Inf,3,15,"FCX17","JU724","latens","4/7/2022 9:30","4/18/2022 9:00",10.97916667
"454","F2","FCX17","strip",29.327,3,16,"FCX17","JU724","latens","4/7/2022 9:30","4/18/2022 9:00",10.97916667
"455","F3","FCX18","strip",Inf,0,1,"FCX18","JU724","latens","4/7/2022 9:30","4/18/2022 9:00",10.97916667
"456","F4","FCX18","strip",Inf,1,2,"FCX18","JU724","latens","4/7/2022 9:30","4/18/2022 9:00",10.97916667
"457","F5","FCX18","strip",Inf,1,3,"FCX18","JU724","latens","4/7/2022 9:30","4/18/2022 9:00",10.97916667
"458","F6","FCX18","strip",Inf,1,4,"FCX18","JU724","latens","4/7/2022 9:30","4/18/2022 9:00",10.97916667
"459","F7","FCX18","strip",Inf,2,5,"FCX18","JU724","latens","4/7/2022 9:30","4/18/2022 9:00",10.97916667
"460","F8","FCX18","strip",Inf,2,6,"FCX18","JU724","latens","4/7/2022 9:30","4/18/2022 9:00",10.97916667
"461","F9","FCX18","strip",33.9433,2,7,"FCX18","JU724","latens","4/7/2022 9:30","4/18/2022 9:00",10.97916667
"462","F10","FCX18","strip",Inf,3,8,"FCX18","JU724","latens","4/7/2022 9:30","4/18/2022 9:00",10.97916667
"463","F11","FCX18","strip",Inf,3,9,"FCX18","JU724","latens","4/7/2022 9:30","4/18/2022 9:00",10.97916667
"464","F12","FCX18","strip",Inf,3,10,"FCX18","JU724","latens","4/7/2022 9:30","4/18/2022 9:00",10.97916667
"465","G1","FCX18","strip",Inf,3,11,"FCX18","JU724","latens","4/7/2022 9:30","4/18/2022 9:00",10.97916667
"466","G2","FCX18","strip",Inf,3,12,"FCX18","JU724","latens","4/7/2022 9:30","4/18/2022 9:00",10.97916667
"467","G3","FCX18","strip",Inf,3,13,"FCX18","JU724","latens","4/7/2022 9:30","4/18/2022 9:00",10.97916667
"468","G4","FCX18","strip",Inf,3,14,"FCX18","JU724","latens","4/7/2022 9:30","4/18/2022 9:00",10.97916667
"469","G5","FCX18","strip",Inf,3,15,"FCX18","JU724","latens","4/7/2022 9:30","4/18/2022 9:00",10.97916667
"470","G6","FCX18","strip",Inf,3,16,"FCX18","JU724","latens","4/7/2022 9:30","4/18/2022 9:00",10.97916667
