"","Well","Sample","SampleType","Ct","WormNumber","Line","Strain","Species","start","passage","days.on.plate"
"1","E7","FDI28","strip",Inf,0,"FDI28","JU1873","wallacei","9/14/2022 14:00","9/19/2022 9:00",4.791666667
"2","E8","FDI28","strip",Inf,1,"FDI28","JU1873","wallacei","9/14/2022 14:00","9/19/2022 9:00",4.791666667
"3","E9","FDI28","strip",Inf,1,"FDI28","JU1873","wallacei","9/14/2022 14:00","9/19/2022 9:00",4.791666667
"4","E10","FDI28","strip",Inf,1,"FDI28","JU1873","wallacei","9/14/2022 14:00","9/19/2022 9:00",4.791666667
"5","E11","FDI28","strip",Inf,2,"FDI28","JU1873","wallacei","9/14/2022 14:00","9/19/2022 9:00",4.791666667
"6","E12","FDI28","strip",Inf,2,"FDI28","JU1873","wallacei","9/14/2022 14:00","9/19/2022 9:00",4.791666667
"7","F1","FDI28","strip",Inf,2,"FDI28","JU1873","wallacei","9/14/2022 14:00","9/19/2022 9:00",4.791666667
"8","F2","FDI28","strip",Inf,3,"FDI28","JU1873","wallacei","9/14/2022 14:00","9/19/2022 9:00",4.791666667
"9","F3","FDI28","strip",Inf,3,"FDI28","JU1873","wallacei","9/14/2022 14:00","9/19/2022 9:00",4.791666667
"10","F4","FDI28","strip",34.3222,3,"FDI28","JU1873","wallacei","9/14/2022 14:00","9/19/2022 9:00",4.791666667
"11","F5","FDI28","strip",Inf,3,"FDI28","JU1873","wallacei","9/14/2022 14:00","9/19/2022 9:00",4.791666667
"12","F6","FDI28","strip",Inf,3,"FDI28","JU1873","wallacei","9/14/2022 14:00","9/19/2022 9:00",4.791666667
"13","F7","FDI28","strip",Inf,3,"FDI28","JU1873","wallacei","9/14/2022 14:00","9/19/2022 9:00",4.791666667
"14","F8","FDI28","strip",Inf,3,"FDI28","JU1873","wallacei","9/14/2022 14:00","9/19/2022 9:00",4.791666667
"15","F9","FDI28","strip",Inf,3,"FDI28","JU1873","wallacei","9/14/2022 14:00","9/19/2022 9:00",4.791666667
"16","F10","FDI28","strip",Inf,3,"FDI28","JU1873","wallacei","9/14/2022 14:00","9/19/2022 9:00",4.791666667
"17","F11","FDI12","strip",39.9824,0,"FDI12","JU1857","macrosperma","9/14/2022 14:00","9/19/2022 9:00",4.791666667
"18","F12","FDI12","strip",Inf,1,"FDI12","JU1857","macrosperma","9/14/2022 14:00","9/19/2022 9:00",4.791666667
"19","G1","FDI12","strip",28.502,1,"FDI12","JU1857","macrosperma","9/14/2022 14:00","9/19/2022 9:00",4.791666667
"20","G2","FDI12","strip",Inf,1,"FDI12","JU1857","macrosperma","9/14/2022 14:00","9/19/2022 9:00",4.791666667
"21","G3","FDI12","strip",Inf,2,"FDI12","JU1857","macrosperma","9/14/2022 14:00","9/19/2022 9:00",4.791666667
"22","G4","FDI12","strip",Inf,2,"FDI12","JU1857","macrosperma","9/14/2022 14:00","9/19/2022 9:00",4.791666667
"23","G5","FDI12","strip",Inf,2,"FDI12","JU1857","macrosperma","9/14/2022 14:00","9/19/2022 9:00",4.791666667
"24","G6","FDI12","strip",31.3215,3,"FDI12","JU1857","macrosperma","9/14/2022 14:00","9/19/2022 9:00",4.791666667
"25","G7","FDI12","strip",33.14,3,"FDI12","JU1857","macrosperma","9/14/2022 14:00","9/19/2022 9:00",4.791666667
"26","G8","FDI12","strip",28.1022,3,"FDI12","JU1857","macrosperma","9/14/2022 14:00","9/19/2022 9:00",4.791666667
"27","G9","FDI12","strip",Inf,3,"FDI12","JU1857","macrosperma","9/14/2022 14:00","9/19/2022 9:00",4.791666667
"28","G10","FDI12","strip",Inf,3,"FDI12","JU1857","macrosperma","9/14/2022 14:00","9/19/2022 9:00",4.791666667
"29","G11","FDI12","strip",Inf,3,"FDI12","JU1857","macrosperma","9/14/2022 14:00","9/19/2022 9:00",4.791666667
"30","G12","FDI12","strip",Inf,3,"FDI12","JU1857","macrosperma","9/14/2022 14:00","9/19/2022 9:00",4.791666667
"31","H1","FDI12","strip",Inf,3,"FDI12","JU1857","macrosperma","9/14/2022 14:00","9/19/2022 9:00",4.791666667
"32","H2","FDI12","strip",29.6668,3,"FDI12","JU1857","macrosperma","9/14/2022 14:00","9/19/2022 9:00",4.791666667
"33","H3","FDI9","strip",Inf,0,"FDI9","JU1428","tropicalis","9/14/2022 14:00","9/19/2022 9:00",4.791666667
"34","H4","FDI9","strip",Inf,1,"FDI9","JU1428","tropicalis","9/14/2022 14:00","9/19/2022 9:00",4.791666667
"35","H5","FDI9","strip",Inf,1,"FDI9","JU1428","tropicalis","9/14/2022 14:00","9/19/2022 9:00",4.791666667
"36","H6","FDI9","strip",Inf,1,"FDI9","JU1428","tropicalis","9/14/2022 14:00","9/19/2022 9:00",4.791666667
"37","H7","FDI9","strip",Inf,2,"FDI9","JU1428","tropicalis","9/14/2022 14:00","9/19/2022 9:00",4.791666667
"38","H8","FDI9","strip",Inf,2,"FDI9","JU1428","tropicalis","9/14/2022 14:00","9/19/2022 9:00",4.791666667
"39","H9","FDI9","strip",Inf,2,"FDI9","JU1428","tropicalis","9/14/2022 14:00","9/19/2022 9:00",4.791666667
"40","H10","FDI9","strip",Inf,3,"FDI9","JU1428","tropicalis","9/14/2022 14:00","9/19/2022 9:00",4.791666667
"41","A4","FDI9","strip",Inf,3,"FDI9","JU1428","tropicalis","9/14/2022 14:00","9/19/2022 9:00",4.791666667
"42","A5","FDI11","strip",Inf,0,"FDI11","JU1857","macrosperma","9/14/2022 14:00","9/19/2022 12:00",4.916666667
"43","A6","FDI18","strip",Inf,0,"FDI18","SB454","sulstoni","9/14/2022 14:00","9/19/2022 9:00",4.791666667
"44","A7","FDI18","strip",22.0242,3,"FDI18","SB454","sulstoni","9/14/2022 14:00","9/19/2022 9:00",4.791666667
"45","A8","FDI30","strip",Inf,0,"FDI30","JU1873","wallacei","9/14/2022 14:00","9/19/2022 9:00",4.791666667
"46","A9","FDI30","strip",Inf,3,"FDI30","JU1873","wallacei","9/14/2022 14:00","9/19/2022 9:00",4.791666667
"47","A10","FDI29","strip",Inf,0,"FDI29","JU1873","wallacei","9/14/2022 14:00","9/19/2022 12:00",4.916666667
"48","A11","FDI29","strip",21.4737,3,"FDI29","JU1873","wallacei","9/14/2022 14:00","9/19/2022 12:00",4.916666667
"49","B3","FDI5","strip",Inf,0,"FDI5","ZF1092","sp.25","9/14/2022 14:00","9/19/2022 9:00",4.791666667
"50","B4","FDI9","strip",29.3614,3,"FDI9","JU1428","tropicalis","9/14/2022 14:00","9/19/2022 9:00",4.791666667
"51","B5","FDI11","strip",Inf,1,"FDI11","JU1857","macrosperma","9/14/2022 14:00","9/19/2022 12:00",4.916666667
"52","B6","FDI18","strip",34.7499,1,"FDI18","SB454","sulstoni","9/14/2022 14:00","9/19/2022 9:00",4.791666667
"53","B7","FDI18","strip",28.963,3,"FDI18","SB454","sulstoni","9/14/2022 14:00","9/19/2022 9:00",4.791666667
"54","B8","FDI30","strip",Inf,1,"FDI30","JU1873","wallacei","9/14/2022 14:00","9/19/2022 9:00",4.791666667
"55","B9","FDI30","strip",Inf,3,"FDI30","JU1873","wallacei","9/14/2022 14:00","9/19/2022 9:00",4.791666667
"56","B10","FDI29","strip",Inf,1,"FDI29","JU1873","wallacei","9/14/2022 14:00","9/19/2022 12:00",4.916666667
"57","B11","FDI29","strip",Inf,3,"FDI29","JU1873","wallacei","9/14/2022 14:00","9/19/2022 12:00",4.916666667
"58","C3","FDI5","strip",Inf,1,"FDI5","ZF1092","sp.25","9/14/2022 14:00","9/19/2022 9:00",4.791666667
"59","C4","FDI9","strip",Inf,3,"FDI9","JU1428","tropicalis","9/14/2022 14:00","9/19/2022 9:00",4.791666667
"60","C5","FDI11","strip",Inf,1,"FDI11","JU1857","macrosperma","9/14/2022 14:00","9/19/2022 12:00",4.916666667
"61","C6","FDI18","strip",25.3988,1,"FDI18","SB454","sulstoni","9/14/2022 14:00","9/19/2022 9:00",4.791666667
"62","C7","FDI18","strip",24.6345,3,"FDI18","SB454","sulstoni","9/14/2022 14:00","9/19/2022 9:00",4.791666667
"63","C8","FDI30","strip",25.005,1,"FDI30","JU1873","wallacei","9/14/2022 14:00","9/19/2022 9:00",4.791666667
"64","C9","FDI30","strip",Inf,3,"FDI30","JU1873","wallacei","9/14/2022 14:00","9/19/2022 9:00",4.791666667
"65","C10","FDI29","strip",36,1,"FDI29","JU1873","wallacei","9/14/2022 14:00","9/19/2022 12:00",4.916666667
"66","C11","FDI29","strip",35.6162,3,"FDI29","JU1873","wallacei","9/14/2022 14:00","9/19/2022 12:00",4.916666667
"67","D3","FDI5","strip",27.0833,1,"FDI5","ZF1092","sp.25","9/14/2022 14:00","9/19/2022 9:00",4.791666667
"68","D4","FDI9","strip",Inf,3,"FDI9","JU1428","tropicalis","9/14/2022 14:00","9/19/2022 9:00",4.791666667
"69","D5","FDI11","strip",Inf,1,"FDI11","JU1857","macrosperma","9/14/2022 14:00","9/19/2022 12:00",4.916666667
"70","D6","FDI18","strip",22.814,1,"FDI18","SB454","sulstoni","9/14/2022 14:00","9/19/2022 9:00",4.791666667
"71","D7","FDI18","strip",19.2443,3,"FDI18","SB454","sulstoni","9/14/2022 14:00","9/19/2022 9:00",4.791666667
"72","D8","FDI30","strip",Inf,1,"FDI30","JU1873","wallacei","9/14/2022 14:00","9/19/2022 9:00",4.791666667
"73","D9","FDI30","strip",Inf,3,"FDI30","JU1873","wallacei","9/14/2022 14:00","9/19/2022 9:00",4.791666667
"74","D10","FDI29","strip",Inf,1,"FDI29","JU1873","wallacei","9/14/2022 14:00","9/19/2022 12:00",4.916666667
"75","D11","FDI29","strip",Inf,3,"FDI29","JU1873","wallacei","9/14/2022 14:00","9/19/2022 12:00",4.916666667
"76","E3","FDI5","strip",Inf,1,"FDI5","ZF1092","sp.25","9/14/2022 14:00","9/19/2022 9:00",4.791666667
"77","E4","FDI9","strip",Inf,3,"FDI9","JU1428","tropicalis","9/14/2022 14:00","9/19/2022 9:00",4.791666667
"78","E5","FDI11","strip",Inf,2,"FDI11","JU1857","macrosperma","9/14/2022 14:00","9/19/2022 12:00",4.916666667
"79","E6","FDI18","strip",22.5029,2,"FDI18","SB454","sulstoni","9/14/2022 14:00","9/19/2022 9:00",4.791666667
"80","E7","FDI18","strip",26.3471,3,"FDI18","SB454","sulstoni","9/14/2022 14:00","9/19/2022 9:00",4.791666667
"81","E8","FDI30","strip",Inf,2,"FDI30","JU1873","wallacei","9/14/2022 14:00","9/19/2022 9:00",4.791666667
"82","E9","FDI30","strip",Inf,3,"FDI30","JU1873","wallacei","9/14/2022 14:00","9/19/2022 9:00",4.791666667
"83","E10","FDI29","strip",Inf,2,"FDI29","JU1873","wallacei","9/14/2022 14:00","9/19/2022 12:00",4.916666667
"84","E11","FDI29","strip",Inf,3,"FDI29","JU1873","wallacei","9/14/2022 14:00","9/19/2022 12:00",4.916666667
"85","F3","FDI5","strip",Inf,2,"FDI5","ZF1092","sp.25","9/14/2022 14:00","9/19/2022 9:00",4.791666667
"86","F4","FDI9","strip",Inf,3,"FDI9","JU1428","tropicalis","9/14/2022 14:00","9/19/2022 9:00",4.791666667
"87","F5","FDI11","strip",Inf,2,"FDI11","JU1857","macrosperma","9/14/2022 14:00","9/19/2022 12:00",4.916666667
"88","F6","FDI18","strip",26.9992,2,"FDI18","SB454","sulstoni","9/14/2022 14:00","9/19/2022 9:00",4.791666667
"89","F7","FDI18","strip",22.0335,3,"FDI18","SB454","sulstoni","9/14/2022 14:00","9/19/2022 9:00",4.791666667
"90","F8","FDI30","strip",Inf,2,"FDI30","JU1873","wallacei","9/14/2022 14:00","9/19/2022 9:00",4.791666667
"91","F9","FDI30","strip",Inf,3,"FDI30","JU1873","wallacei","9/14/2022 14:00","9/19/2022 9:00",4.791666667
"92","F10","FDI29","strip",Inf,2,"FDI29","JU1873","wallacei","9/14/2022 14:00","9/19/2022 12:00",4.916666667
"93","F11","FDI29","strip",32.9051,3,"FDI29","JU1873","wallacei","9/14/2022 14:00","9/19/2022 12:00",4.916666667
"94","G3","FDI5","strip",Inf,2,"FDI5","ZF1092","sp.25","9/14/2022 14:00","9/19/2022 9:00",4.791666667
"95","G4","FDI9","strip",Inf,3,"FDI9","JU1428","tropicalis","9/14/2022 14:00","9/19/2022 9:00",4.791666667
"96","G5","FDI11","strip",Inf,2,"FDI11","JU1857","macrosperma","9/14/2022 14:00","9/19/2022 12:00",4.916666667
"97","G6","FDI18","strip",21.4323,2,"FDI18","SB454","sulstoni","9/14/2022 14:00","9/19/2022 9:00",4.791666667
"98","G7","FDI18","strip",20.914,3,"FDI18","SB454","sulstoni","9/14/2022 14:00","9/19/2022 9:00",4.791666667
"99","G8","FDI30","strip",Inf,2,"FDI30","JU1873","wallacei","9/14/2022 14:00","9/19/2022 9:00",4.791666667
"100","G9","FDI30","strip",Inf,3,"FDI30","JU1873","wallacei","9/14/2022 14:00","9/19/2022 9:00",4.791666667
"101","G10","FDI29","strip",Inf,2,"FDI29","JU1873","wallacei","9/14/2022 14:00","9/19/2022 12:00",4.916666667
"102","G11","FDI29","strip",Inf,3,"FDI29","JU1873","wallacei","9/14/2022 14:00","9/19/2022 12:00",4.916666667
"103","H3","FDI5","strip",Inf,1,"FDI5","ZF1092","sp.25","9/14/2022 14:00","9/19/2022 9:00",4.791666667
"104","H4","FDI9","strip",Inf,3,"FDI9","JU1428","tropicalis","9/14/2022 14:00","9/19/2022 9:00",4.791666667
"105","H5","FDI11","strip",Inf,3,"FDI11","JU1857","macrosperma","9/14/2022 14:00","9/19/2022 12:00",4.916666667
"106","H6","FDI18","strip",19.283,3,"FDI18","SB454","sulstoni","9/14/2022 14:00","9/19/2022 9:00",4.791666667
"107","H7","FDI18","strip",Inf,3,"FDI18","SB454","sulstoni","9/14/2022 14:00","9/19/2022 9:00",4.791666667
"108","H8","FDI30","strip",Inf,3,"FDI30","JU1873","wallacei","9/14/2022 14:00","9/19/2022 9:00",4.791666667
"109","H9","FDI30","strip",Inf,3,"FDI30","JU1873","wallacei","9/14/2022 14:00","9/19/2022 9:00",4.791666667
"110","H10","FDI29","strip",Inf,3,"FDI29","JU1873","wallacei","9/14/2022 14:00","9/19/2022 12:00",4.916666667
"111","H11","FDI29","strip",Inf,3,"FDI29","JU1873","wallacei","9/14/2022 14:00","9/19/2022 12:00",4.916666667
"112","A5","FDI11","strip",Inf,3,"FDI11","JU1857","macrosperma","9/14/2022 14:00","9/19/2022 12:00",4.916666667
"113","A6","FDI7","strip",Inf,0,"FDI7","JU1428","tropicalis","9/14/2022 14:00","9/19/2022 12:00",4.916666667
"114","A7","FDI7","strip",30.5742,3,"FDI7","JU1428","tropicalis","9/14/2022 14:00","9/19/2022 12:00",4.916666667
"115","A8","FDI24","strip",Inf,0,"FDI24","JU4093","sp.65","9/14/2022 14:00","9/19/2022 12:00",4.916666667
"116","A9","FDI24","strip",27.0897,3,"FDI24","JU4093","sp.65","9/14/2022 14:00","9/19/2022 12:00",4.916666667
"117","A10","FDI23","strip",Inf,0,"FDI23","JU4093","sp.65","9/14/2022 14:00","9/19/2022 12:00",4.916666667
"118","A11","FDI23","strip",Inf,3,"FDI23","JU4093","sp.65","9/14/2022 14:00","9/19/2022 12:00",4.916666667
"119","A12","FDI27","strip",Inf,0,"FDI27","JU1873","wallacei","9/14/2022 14:00","9/19/2022 12:00",4.916666667
"120","B5","FDI11","strip",31.2546,3,"FDI11","JU1857","macrosperma","9/14/2022 14:00","9/19/2022 12:00",4.916666667
"121","B6","FDI7","strip",Inf,1,"FDI7","JU1428","tropicalis","9/14/2022 14:00","9/19/2022 12:00",4.916666667
"122","B7","FDI7","strip",Inf,3,"FDI7","JU1428","tropicalis","9/14/2022 14:00","9/19/2022 12:00",4.916666667
"123","B8","FDI24","strip",27.643,1,"FDI24","JU4093","sp.65","9/14/2022 14:00","9/19/2022 12:00",4.916666667
"124","B9","FDI24","strip",33.2941,3,"FDI24","JU4093","sp.65","9/14/2022 14:00","9/19/2022 12:00",4.916666667
"125","B10","FDI23","strip",Inf,1,"FDI23","JU4093","sp.65","9/14/2022 14:00","9/19/2022 12:00",4.916666667
"126","B11","FDI23","strip",35.7034,3,"FDI23","JU4093","sp.65","9/14/2022 14:00","9/19/2022 12:00",4.916666667
"127","B12","FDI27","strip",Inf,1,"FDI27","JU1873","wallacei","9/14/2022 14:00","9/19/2022 12:00",4.916666667
"128","C5","FDI11","strip",32.5948,3,"FDI11","JU1857","macrosperma","9/14/2022 14:00","9/19/2022 12:00",4.916666667
"129","C6","FDI7","strip",Inf,1,"FDI7","JU1428","tropicalis","9/14/2022 14:00","9/19/2022 12:00",4.916666667
"130","C7","FDI7","strip",Inf,3,"FDI7","JU1428","tropicalis","9/14/2022 14:00","9/19/2022 12:00",4.916666667
"131","C8","FDI24","strip",Inf,1,"FDI24","JU4093","sp.65","9/14/2022 14:00","9/19/2022 12:00",4.916666667
"132","C9","FDI24","strip",Inf,3,"FDI24","JU4093","sp.65","9/14/2022 14:00","9/19/2022 12:00",4.916666667
"133","C10","FDI23","strip",Inf,1,"FDI23","JU4093","sp.65","9/14/2022 14:00","9/19/2022 12:00",4.916666667
"134","C11","FDI23","strip",19.0738,3,"FDI23","JU4093","sp.65","9/14/2022 14:00","9/19/2022 12:00",4.916666667
"135","C12","FDI27","strip",Inf,1,"FDI27","JU1873","wallacei","9/14/2022 14:00","9/19/2022 12:00",4.916666667
"136","D1","FDI11","strip",Inf,3,"FDI11","JU1857","macrosperma","9/14/2022 14:00","9/19/2022 12:00",4.916666667
"137","D5","FDI11","strip",Inf,3,"FDI11","JU1857","macrosperma","9/14/2022 14:00","9/19/2022 12:00",4.916666667
"138","D6","FDI7","strip",29.3499,1,"FDI7","JU1428","tropicalis","9/14/2022 14:00","9/19/2022 12:00",4.916666667
"139","D7","FDI7","strip",Inf,3,"FDI7","JU1428","tropicalis","9/14/2022 14:00","9/19/2022 12:00",4.916666667
"140","D8","FDI24","strip",Inf,1,"FDI24","JU4093","sp.65","9/14/2022 14:00","9/19/2022 12:00",4.916666667
"141","D9","FDI24","strip",Inf,3,"FDI24","JU4093","sp.65","9/14/2022 14:00","9/19/2022 12:00",4.916666667
"142","D10","FDI23","strip",Inf,1,"FDI23","JU4093","sp.65","9/14/2022 14:00","9/19/2022 12:00",4.916666667
"143","D11","FDI23","strip",35.6548,3,"FDI23","JU4093","sp.65","9/14/2022 14:00","9/19/2022 12:00",4.916666667
"144","D12","FDI27","strip",Inf,1,"FDI27","JU1873","wallacei","9/14/2022 14:00","9/19/2022 12:00",4.916666667
"145","E5","FDI11","strip",Inf,3,"FDI11","JU1857","macrosperma","9/14/2022 14:00","9/19/2022 12:00",4.916666667
"146","E6","FDI7","strip",26.6357,2,"FDI7","JU1428","tropicalis","9/14/2022 14:00","9/19/2022 12:00",4.916666667
"147","E7","FDI7","strip",Inf,3,"FDI7","JU1428","tropicalis","9/14/2022 14:00","9/19/2022 12:00",4.916666667
"148","E8","FDI24","strip",35.5811,2,"FDI24","JU4093","sp.65","9/14/2022 14:00","9/19/2022 12:00",4.916666667
"149","E9","FDI24","strip",32.0384,3,"FDI24","JU4093","sp.65","9/14/2022 14:00","9/19/2022 12:00",4.916666667
"150","E10","FDI23","strip",Inf,2,"FDI23","JU4093","sp.65","9/14/2022 14:00","9/19/2022 12:00",4.916666667
"151","E11","FDI23","strip",Inf,3,"FDI23","JU4093","sp.65","9/14/2022 14:00","9/19/2022 12:00",4.916666667
"152","E12","FDI27","strip",Inf,2,"FDI27","JU1873","wallacei","9/14/2022 14:00","9/19/2022 12:00",4.916666667
"153","F5","FDI11","strip",Inf,3,"FDI11","JU1857","macrosperma","9/14/2022 14:00","9/19/2022 12:00",4.916666667
"154","F6","FDI7","strip",Inf,2,"FDI7","JU1428","tropicalis","9/14/2022 14:00","9/19/2022 12:00",4.916666667
"155","F7","FDI7","strip",35.6427,3,"FDI7","JU1428","tropicalis","9/14/2022 14:00","9/19/2022 12:00",4.916666667
"156","F8","FDI24","strip",20.0988,2,"FDI24","JU4093","sp.65","9/14/2022 14:00","9/19/2022 12:00",4.916666667
"157","F9","FDI24","strip",30.7383,3,"FDI24","JU4093","sp.65","9/14/2022 14:00","9/19/2022 12:00",4.916666667
"158","F10","FDI23","strip",21.4856,2,"FDI23","JU4093","sp.65","9/14/2022 14:00","9/19/2022 12:00",4.916666667
"159","F11","FDI23","strip",Inf,3,"FDI23","JU4093","sp.65","9/14/2022 14:00","9/19/2022 12:00",4.916666667
"160","F12","FDI27","strip",Inf,2,"FDI27","JU1873","wallacei","9/14/2022 14:00","9/19/2022 12:00",4.916666667
"161","G5","FDI11","strip",Inf,3,"FDI11","JU1857","macrosperma","9/14/2022 14:00","9/19/2022 12:00",4.916666667
"162","G6","FDI7","strip",Inf,2,"FDI7","JU1428","tropicalis","9/14/2022 14:00","9/19/2022 12:00",4.916666667
"163","G7","FDI7","strip",33.6634,3,"FDI7","JU1428","tropicalis","9/14/2022 14:00","9/19/2022 12:00",4.916666667
"164","G8","FDI24","strip",Inf,2,"FDI24","JU4093","sp.65","9/14/2022 14:00","9/19/2022 12:00",4.916666667
"165","G9","FDI24","strip",34.6144,3,"FDI24","JU4093","sp.65","9/14/2022 14:00","9/19/2022 12:00",4.916666667
"166","G10","FDI23","strip",35.5914,2,"FDI23","JU4093","sp.65","9/14/2022 14:00","9/19/2022 12:00",4.916666667
"167","G11","FDI23","strip",32.1163,3,"FDI23","JU4093","sp.65","9/14/2022 14:00","9/19/2022 12:00",4.916666667
"168","G12","FDI27","strip",Inf,2,"FDI27","JU1873","wallacei","9/14/2022 14:00","9/19/2022 12:00",4.916666667
"169","H6","FDI7","strip",33.1439,3,"FDI7","JU1428","tropicalis","9/14/2022 14:00","9/19/2022 12:00",4.916666667
"170","H7","FDI7","strip",Inf,3,"FDI7","JU1428","tropicalis","9/14/2022 14:00","9/19/2022 12:00",4.916666667
"171","H8","FDI24","strip",30.1065,3,"FDI24","JU4093","sp.65","9/14/2022 14:00","9/19/2022 12:00",4.916666667
"172","H9","FDI24","strip",33.8389,3,"FDI24","JU4093","sp.65","9/14/2022 14:00","9/19/2022 12:00",4.916666667
"173","H10","FDI23","strip",27.4837,3,"FDI23","JU4093","sp.65","9/14/2022 14:00","9/19/2022 12:00",4.916666667
"174","H11","FDI23","strip",Inf,3,"FDI23","JU4093","sp.65","9/14/2022 14:00","9/19/2022 12:00",4.916666667
"175","H12","FDI27","strip",Inf,3,"FDI27","JU1873","wallacei","9/14/2022 14:00","9/19/2022 12:00",4.916666667
"176","A2","FDI27","strip",Inf,3,"FDI27","JU1873","wallacei","9/14/2022 14:00","9/19/2022 12:00",4.916666667
"177","A3","FDI14","strip",Inf,0,"FDI14","JU1857","macrosperma","9/14/2022 14:00","9/19/2022 12:00",4.916666667
"178","A4","FDI14","strip",Inf,3,"FDI14","JU1857","macrosperma","9/14/2022 14:00","9/19/2022 12:00",4.916666667
"179","A5","FDI17","strip",Inf,0,"FDI17","SB454","sulstoni","9/14/2022 14:00","9/19/2022 12:00",4.916666667
"180","A6","FDI17","strip",34.8864,3,"FDI17","SB454","sulstoni","9/14/2022 14:00","9/19/2022 12:00",4.916666667
"181","A7","FDI16","strip",Inf,0,"FDI16","SB454","sulstoni","9/14/2022 14:00","9/19/2022 19:45",5.239583333
"182","A8","FDI16","strip",26.3677,3,"FDI16","SB454","sulstoni","9/14/2022 14:00","9/19/2022 19:45",5.239583333
"183","A9","FDI4","strip",Inf,0,"FDI4","ZF1092","sp.25","9/14/2022 14:00","9/19/2022 19:45",5.239583333
"184","A10","FDI15","strip",Inf,0,"FDI15","SB454","sulstoni","9/14/2022 14:00","9/20/2022 8:30",5.770833333
"185","A11","FDI15","strip",18.8838,3,"FDI15","SB454","sulstoni","9/14/2022 14:00","9/20/2022 8:30",5.770833333
"186","A12","FDI2","strip",Inf,0,"FDI2","JU1580","elegans","9/14/2022 14:00","9/20/2022 8:30",5.770833333
"187","B2","FDI27","strip",Inf,3,"FDI27","JU1873","wallacei","9/14/2022 14:00","9/19/2022 12:00",4.916666667
"188","B3","FDI14","strip",29.1012,1,"FDI14","JU1857","macrosperma","9/14/2022 14:00","9/19/2022 12:00",4.916666667
"189","B4","FDI14","strip",34.8214,3,"FDI14","JU1857","macrosperma","9/14/2022 14:00","9/19/2022 12:00",4.916666667
"190","B5","FDI17","strip",Inf,1,"FDI17","SB454","sulstoni","9/14/2022 14:00","9/19/2022 12:00",4.916666667
"191","B6","FDI17","strip",20.8427,3,"FDI17","SB454","sulstoni","9/14/2022 14:00","9/19/2022 12:00",4.916666667
"192","B7","FDI16","strip",24.0606,1,"FDI16","SB454","sulstoni","9/14/2022 14:00","9/19/2022 19:45",5.239583333
"193","B8","FDI16","strip",19.8623,3,"FDI16","SB454","sulstoni","9/14/2022 14:00","9/19/2022 19:45",5.239583333
"194","B9","FDI4","strip",Inf,1,"FDI4","ZF1092","sp.25","9/14/2022 14:00","9/19/2022 19:45",5.239583333
"195","B10","FDI15","strip",27.8215,1,"FDI15","SB454","sulstoni","9/14/2022 14:00","9/20/2022 8:30",5.770833333
"196","B11","FDI15","strip",26.76,3,"FDI15","SB454","sulstoni","9/14/2022 14:00","9/20/2022 8:30",5.770833333
"197","B12","FDI2","strip",35,1,"FDI2","JU1580","elegans","9/14/2022 14:00","9/20/2022 8:30",5.770833333
"198","C2","FDI27","strip",32.7459,3,"FDI27","JU1873","wallacei","9/14/2022 14:00","9/19/2022 12:00",4.916666667
"199","C3","FDI14","strip",Inf,1,"FDI14","JU1857","macrosperma","9/14/2022 14:00","9/19/2022 12:00",4.916666667
"200","C4","FDI14","strip",Inf,3,"FDI14","JU1857","macrosperma","9/14/2022 14:00","9/19/2022 12:00",4.916666667
"201","C5","FDI17","strip",Inf,1,"FDI17","SB454","sulstoni","9/14/2022 14:00","9/19/2022 12:00",4.916666667
"202","C6","FDI17","strip",23.4966,3,"FDI17","SB454","sulstoni","9/14/2022 14:00","9/19/2022 12:00",4.916666667
"203","C7","FDI16","strip",34.9854,1,"FDI16","SB454","sulstoni","9/14/2022 14:00","9/19/2022 19:45",5.239583333
"204","C8","FDI16","strip",23.8352,3,"FDI16","SB454","sulstoni","9/14/2022 14:00","9/19/2022 19:45",5.239583333
"205","C9","FDI4","strip",Inf,1,"FDI4","ZF1092","sp.25","9/14/2022 14:00","9/19/2022 19:45",5.239583333
"206","C10","FDI15","strip",27.1748,1,"FDI15","SB454","sulstoni","9/14/2022 14:00","9/20/2022 8:30",5.770833333
"207","C11","FDI15","strip",28.2466,3,"FDI15","SB454","sulstoni","9/14/2022 14:00","9/20/2022 8:30",5.770833333
"208","C12","FDI2","strip",31.2295,1,"FDI2","JU1580","elegans","9/14/2022 14:00","9/20/2022 8:30",5.770833333
"209","D2","FDI27","strip",Inf,3,"FDI27","JU1873","wallacei","9/14/2022 14:00","9/19/2022 12:00",4.916666667
"210","D3","FDI14","strip",Inf,1,"FDI14","JU1857","macrosperma","9/14/2022 14:00","9/19/2022 12:00",4.916666667
"211","D4","FDI14","strip",Inf,3,"FDI14","JU1857","macrosperma","9/14/2022 14:00","9/19/2022 12:00",4.916666667
"212","D5","FDI17","strip",Inf,1,"FDI17","SB454","sulstoni","9/14/2022 14:00","9/19/2022 12:00",4.916666667
"213","D6","FDI17","strip",30.8333,3,"FDI17","SB454","sulstoni","9/14/2022 14:00","9/19/2022 12:00",4.916666667
"214","D7","FDI16","strip",27.835,1,"FDI16","SB454","sulstoni","9/14/2022 14:00","9/19/2022 19:45",5.239583333
"215","D8","FDI16","strip",21.8541,3,"FDI16","SB454","sulstoni","9/14/2022 14:00","9/19/2022 19:45",5.239583333
"216","D9","FDI4","strip",Inf,1,"FDI4","ZF1092","sp.25","9/14/2022 14:00","9/19/2022 19:45",5.239583333
"217","D10","FDI15","strip",23.8054,1,"FDI15","SB454","sulstoni","9/14/2022 14:00","9/20/2022 8:30",5.770833333
"218","D11","FDI15","strip",29.847,3,"FDI15","SB454","sulstoni","9/14/2022 14:00","9/20/2022 8:30",5.770833333
"219","D12","FDI2","strip",30.6094,1,"FDI2","JU1580","elegans","9/14/2022 14:00","9/20/2022 8:30",5.770833333
"220","E2","FDI27","strip",Inf,3,"FDI27","JU1873","wallacei","9/14/2022 14:00","9/19/2022 12:00",4.916666667
"221","E3","FDI14","strip",33.4906,2,"FDI14","JU1857","macrosperma","9/14/2022 14:00","9/19/2022 12:00",4.916666667
"222","E4","FDI14","strip",34.597,3,"FDI14","JU1857","macrosperma","9/14/2022 14:00","9/19/2022 12:00",4.916666667
"223","E5","FDI17","strip",20.8561,2,"FDI17","SB454","sulstoni","9/14/2022 14:00","9/19/2022 12:00",4.916666667
"224","E6","FDI17","strip",34.654,3,"FDI17","SB454","sulstoni","9/14/2022 14:00","9/19/2022 12:00",4.916666667
"225","E7","FDI16","strip",20.887,2,"FDI16","SB454","sulstoni","9/14/2022 14:00","9/19/2022 19:45",5.239583333
"226","E8","FDI16","strip",22.7614,3,"FDI16","SB454","sulstoni","9/14/2022 14:00","9/19/2022 19:45",5.239583333
"227","E9","FDI4","strip",Inf,2,"FDI4","ZF1092","sp.25","9/14/2022 14:00","9/19/2022 19:45",5.239583333
"228","E10","FDI15","strip",22.791,2,"FDI15","SB454","sulstoni","9/14/2022 14:00","9/20/2022 8:30",5.770833333
"229","E11","FDI15","strip",19.2642,3,"FDI15","SB454","sulstoni","9/14/2022 14:00","9/20/2022 8:30",5.770833333
"230","E12","FDI2","strip",22.084,2,"FDI2","JU1580","elegans","9/14/2022 14:00","9/20/2022 8:30",5.770833333
"231","F2","FDI27","strip",Inf,3,"FDI27","JU1873","wallacei","9/14/2022 14:00","9/19/2022 12:00",4.916666667
"232","F3","FDI14","strip",Inf,2,"FDI14","JU1857","macrosperma","9/14/2022 14:00","9/19/2022 12:00",4.916666667
"233","F4","FDI14","strip",Inf,3,"FDI14","JU1857","macrosperma","9/14/2022 14:00","9/19/2022 12:00",4.916666667
"234","F5","FDI17","strip",Inf,2,"FDI17","SB454","sulstoni","9/14/2022 14:00","9/19/2022 12:00",4.916666667
"235","F6","FDI17","strip",24.1985,3,"FDI17","SB454","sulstoni","9/14/2022 14:00","9/19/2022 12:00",4.916666667
"236","F7","FDI16","strip",23.1938,2,"FDI16","SB454","sulstoni","9/14/2022 14:00","9/19/2022 19:45",5.239583333
"237","F8","FDI16","strip",20.2056,3,"FDI16","SB454","sulstoni","9/14/2022 14:00","9/19/2022 19:45",5.239583333
"238","F9","FDI4","strip",Inf,2,"FDI4","ZF1092","sp.25","9/14/2022 14:00","9/19/2022 19:45",5.239583333
"239","F10","FDI15","strip",20.7131,2,"FDI15","SB454","sulstoni","9/14/2022 14:00","9/20/2022 8:30",5.770833333
"240","F11","FDI15","strip",28.946,3,"FDI15","SB454","sulstoni","9/14/2022 14:00","9/20/2022 8:30",5.770833333
"241","F12","FDI2","strip",26.6798,2,"FDI2","JU1580","elegans","9/14/2022 14:00","9/20/2022 8:30",5.770833333
"242","G2","FDI27","strip",Inf,3,"FDI27","JU1873","wallacei","9/14/2022 14:00","9/19/2022 12:00",4.916666667
"243","G3","FDI14","strip",Inf,2,"FDI14","JU1857","macrosperma","9/14/2022 14:00","9/19/2022 12:00",4.916666667
"244","G4","FDI14","strip",Inf,3,"FDI14","JU1857","macrosperma","9/14/2022 14:00","9/19/2022 12:00",4.916666667
"245","G5","FDI17","strip",Inf,2,"FDI17","SB454","sulstoni","9/14/2022 14:00","9/19/2022 12:00",4.916666667
"246","G6","FDI17","strip",33.5846,3,"FDI17","SB454","sulstoni","9/14/2022 14:00","9/19/2022 12:00",4.916666667
"247","G7","FDI16","strip",14.5789,2,"FDI16","SB454","sulstoni","9/14/2022 14:00","9/19/2022 19:45",5.239583333
"248","G8","FDI16","strip",24.0872,3,"FDI16","SB454","sulstoni","9/14/2022 14:00","9/19/2022 19:45",5.239583333
"249","G9","FDI4","strip",Inf,2,"FDI4","ZF1092","sp.25","9/14/2022 14:00","9/19/2022 19:45",5.239583333
"250","G10","FDI15","strip",20.0209,2,"FDI15","SB454","sulstoni","9/14/2022 14:00","9/20/2022 8:30",5.770833333
"251","G11","FDI15","strip",21.6979,3,"FDI15","SB454","sulstoni","9/14/2022 14:00","9/20/2022 8:30",5.770833333
"252","G12","FDI2","strip",23.1173,2,"FDI2","JU1580","elegans","9/14/2022 14:00","9/20/2022 8:30",5.770833333
"253","H2","FDI27","strip",Inf,3,"FDI27","JU1873","wallacei","9/14/2022 14:00","9/19/2022 12:00",4.916666667
"254","H3","FDI14","strip",34.9445,3,"FDI14","JU1857","macrosperma","9/14/2022 14:00","9/19/2022 12:00",4.916666667
"255","H4","FDI14","strip",Inf,3,"FDI14","JU1857","macrosperma","9/14/2022 14:00","9/19/2022 12:00",4.916666667
"256","H5","FDI17","strip",30.1041,3,"FDI17","SB454","sulstoni","9/14/2022 14:00","9/19/2022 12:00",4.916666667
"257","H6","FDI17","strip",21.8977,3,"FDI17","SB454","sulstoni","9/14/2022 14:00","9/19/2022 12:00",4.916666667
"258","H7","FDI16","strip",20.846,3,"FDI16","SB454","sulstoni","9/14/2022 14:00","9/19/2022 19:45",5.239583333
"259","H8","FDI16","strip",29.8134,3,"FDI16","SB454","sulstoni","9/14/2022 14:00","9/19/2022 19:45",5.239583333
"260","H9","FDI4","strip",Inf,2,"FDI4","ZF1092","sp.25","9/14/2022 14:00","9/19/2022 19:45",5.239583333
"261","H10","FDI15","strip",19.8151,3,"FDI15","SB454","sulstoni","9/14/2022 14:00","9/20/2022 8:30",5.770833333
"262","H11","FDI15","strip",22.0144,3,"FDI15","SB454","sulstoni","9/14/2022 14:00","9/20/2022 8:30",5.770833333
"263","H12","FDI2","strip",21.2385,3,"FDI2","JU1580","elegans","9/14/2022 14:00","9/20/2022 8:30",5.770833333
"264","A4","FDI2","strip",22.8727,3,"FDI2","JU1580","elegans","9/14/2022 14:00","9/20/2022 8:30",5.770833333
"265","A5","FDI1","strip",Inf,0,"FDI1","JU1580","elegans","9/14/2022 14:00","9/20/2022 8:30",5.770833333
"266","A6","FDI1","strip",Inf,3,"FDI1","JU1580","elegans","9/14/2022 14:00","9/20/2022 8:30",5.770833333
"267","A7","FDI8","strip",Inf,0,"FDI8","JU1428","tropicalis","9/14/2022 14:00","9/20/2022 8:30",5.770833333
"268","A8","FDI8","strip",34.983,3,"FDI8","JU1428","tropicalis","9/14/2022 14:00","9/20/2022 8:30",5.770833333
"269","A9","FDI10","strip",Inf,0,"FDI10","JU1428","tropicalis","9/14/2022 14:00","9/20/2022 8:30",5.770833333
"270","A10","FDI10","strip",28.7923,3,"FDI10","JU1428","tropicalis","9/14/2022 14:00","9/20/2022 8:30",5.770833333
"271","A11","FDI25","strip",Inf,0,"FDI25","JU4093","sp.65","9/14/2022 14:00","9/20/2022 8:30",5.770833333
"272","A12","FDI25","strip",28.0089,3,"FDI25","JU4093","sp.65","9/14/2022 14:00","9/20/2022 8:30",5.770833333
"273","B4","FDI2","strip",25.3697,3,"FDI2","JU1580","elegans","9/14/2022 14:00","9/20/2022 8:30",5.770833333
"274","B5","FDI1","strip",Inf,1,"FDI1","JU1580","elegans","9/14/2022 14:00","9/20/2022 8:30",5.770833333
"275","B6","FDI1","strip",Inf,3,"FDI1","JU1580","elegans","9/14/2022 14:00","9/20/2022 8:30",5.770833333
"276","B7","FDI8","strip",Inf,1,"FDI8","JU1428","tropicalis","9/14/2022 14:00","9/20/2022 8:30",5.770833333
"277","B8","FDI8","strip",Inf,3,"FDI8","JU1428","tropicalis","9/14/2022 14:00","9/20/2022 8:30",5.770833333
"278","B9","FDI10","strip",Inf,1,"FDI10","JU1428","tropicalis","9/14/2022 14:00","9/20/2022 8:30",5.770833333
"279","B10","FDI10","strip",Inf,3,"FDI10","JU1428","tropicalis","9/14/2022 14:00","9/20/2022 8:30",5.770833333
"280","B11","FDI25","strip",22.991,1,"FDI25","JU4093","sp.65","9/14/2022 14:00","9/20/2022 8:30",5.770833333
"281","B12","FDI25","strip",25.2398,3,"FDI25","JU4093","sp.65","9/14/2022 14:00","9/20/2022 8:30",5.770833333
"282","C4","FDI2","strip",19.0443,3,"FDI2","JU1580","elegans","9/14/2022 14:00","9/20/2022 8:30",5.770833333
"283","C5","FDI1","strip",Inf,1,"FDI1","JU1580","elegans","9/14/2022 14:00","9/20/2022 8:30",5.770833333
"284","C6","FDI1","strip",Inf,3,"FDI1","JU1580","elegans","9/14/2022 14:00","9/20/2022 8:30",5.770833333
"285","C7","FDI8","strip",Inf,1,"FDI8","JU1428","tropicalis","9/14/2022 14:00","9/20/2022 8:30",5.770833333
"286","C8","FDI8","strip",Inf,3,"FDI8","JU1428","tropicalis","9/14/2022 14:00","9/20/2022 8:30",5.770833333
"287","C9","FDI10","strip",Inf,1,"FDI10","JU1428","tropicalis","9/14/2022 14:00","9/20/2022 8:30",5.770833333
"288","C10","FDI10","strip",Inf,3,"FDI10","JU1428","tropicalis","9/14/2022 14:00","9/20/2022 8:30",5.770833333
"289","C11","FDI25","strip",34.7638,1,"FDI25","JU4093","sp.65","9/14/2022 14:00","9/20/2022 8:30",5.770833333
"290","C12","FDI25","strip",32.3277,3,"FDI25","JU4093","sp.65","9/14/2022 14:00","9/20/2022 8:30",5.770833333
"291","D4","FDI2","strip",24.981,3,"FDI2","JU1580","elegans","9/14/2022 14:00","9/20/2022 8:30",5.770833333
"292","D5","FDI1","strip",Inf,1,"FDI1","JU1580","elegans","9/14/2022 14:00","9/20/2022 8:30",5.770833333
"293","D6","FDI1","strip",Inf,3,"FDI1","JU1580","elegans","9/14/2022 14:00","9/20/2022 8:30",5.770833333
"294","D7","FDI8","strip",Inf,1,"FDI8","JU1428","tropicalis","9/14/2022 14:00","9/20/2022 8:30",5.770833333
"295","D8","FDI8","strip",Inf,3,"FDI8","JU1428","tropicalis","9/14/2022 14:00","9/20/2022 8:30",5.770833333
"296","D9","FDI10","strip",26.8141,1,"FDI10","JU1428","tropicalis","9/14/2022 14:00","9/20/2022 8:30",5.770833333
"297","D10","FDI10","strip",Inf,3,"FDI10","JU1428","tropicalis","9/14/2022 14:00","9/20/2022 8:30",5.770833333
"298","D11","FDI25","strip",31.454,1,"FDI25","JU4093","sp.65","9/14/2022 14:00","9/20/2022 8:30",5.770833333
"299","D12","FDI25","strip",29.2479,3,"FDI25","JU4093","sp.65","9/14/2022 14:00","9/20/2022 8:30",5.770833333
"300","E4","FDI2","strip",25.9553,3,"FDI2","JU1580","elegans","9/14/2022 14:00","9/20/2022 8:30",5.770833333
"301","E5","FDI1","strip",Inf,2,"FDI1","JU1580","elegans","9/14/2022 14:00","9/20/2022 8:30",5.770833333
"302","E6","FDI1","strip",Inf,3,"FDI1","JU1580","elegans","9/14/2022 14:00","9/20/2022 8:30",5.770833333
"303","E7","FDI8","strip",Inf,2,"FDI8","JU1428","tropicalis","9/14/2022 14:00","9/20/2022 8:30",5.770833333
"304","E8","FDI8","strip",Inf,3,"FDI8","JU1428","tropicalis","9/14/2022 14:00","9/20/2022 8:30",5.770833333
"305","E9","FDI10","strip",Inf,2,"FDI10","JU1428","tropicalis","9/14/2022 14:00","9/20/2022 8:30",5.770833333
"306","E10","FDI10","strip",25.7292,3,"FDI10","JU1428","tropicalis","9/14/2022 14:00","9/20/2022 8:30",5.770833333
"307","E11","FDI25","strip",26.7688,2,"FDI25","JU4093","sp.65","9/14/2022 14:00","9/20/2022 8:30",5.770833333
"308","E12","FDI25","strip",34.7941,3,"FDI25","JU4093","sp.65","9/14/2022 14:00","9/20/2022 8:30",5.770833333
"309","F4","FDI2","strip",21.3307,3,"FDI2","JU1580","elegans","9/14/2022 14:00","9/20/2022 8:30",5.770833333
"310","F5","FDI1","strip",Inf,2,"FDI1","JU1580","elegans","9/14/2022 14:00","9/20/2022 8:30",5.770833333
"311","F6","FDI1","strip",Inf,3,"FDI1","JU1580","elegans","9/14/2022 14:00","9/20/2022 8:30",5.770833333
"312","F7","FDI8","strip",Inf,2,"FDI8","JU1428","tropicalis","9/14/2022 14:00","9/20/2022 8:30",5.770833333
"313","F8","FDI8","strip",Inf,3,"FDI8","JU1428","tropicalis","9/14/2022 14:00","9/20/2022 8:30",5.770833333
"314","F9","FDI10","strip",Inf,2,"FDI10","JU1428","tropicalis","9/14/2022 14:00","9/20/2022 8:30",5.770833333
"315","F10","FDI10","strip",25.7036,3,"FDI10","JU1428","tropicalis","9/14/2022 14:00","9/20/2022 8:30",5.770833333
"316","F11","FDI25","strip",34.078,2,"FDI25","JU4093","sp.65","9/14/2022 14:00","9/20/2022 8:30",5.770833333
"317","F12","FDI25","strip",24.9169,3,"FDI25","JU4093","sp.65","9/14/2022 14:00","9/20/2022 8:30",5.770833333
"318","G4","FDI2","strip",23.0757,3,"FDI2","JU1580","elegans","9/14/2022 14:00","9/20/2022 8:30",5.770833333
"319","G5","FDI1","strip",Inf,2,"FDI1","JU1580","elegans","9/14/2022 14:00","9/20/2022 8:30",5.770833333
"320","G6","FDI1","strip",Inf,3,"FDI1","JU1580","elegans","9/14/2022 14:00","9/20/2022 8:30",5.770833333
"321","G7","FDI8","strip",Inf,2,"FDI8","JU1428","tropicalis","9/14/2022 14:00","9/20/2022 8:30",5.770833333
"322","G8","FDI8","strip",Inf,3,"FDI8","JU1428","tropicalis","9/14/2022 14:00","9/20/2022 8:30",5.770833333
"323","G9","FDI10","strip",Inf,2,"FDI10","JU1428","tropicalis","9/14/2022 14:00","9/20/2022 8:30",5.770833333
"324","G10","FDI10","strip",Inf,3,"FDI10","JU1428","tropicalis","9/14/2022 14:00","9/20/2022 8:30",5.770833333
"325","G11","FDI25","strip",33.0106,2,"FDI25","JU4093","sp.65","9/14/2022 14:00","9/20/2022 8:30",5.770833333
"326","G12","FDI25","strip",31.3909,3,"FDI25","JU4093","sp.65","9/14/2022 14:00","9/20/2022 8:30",5.770833333
"327","H4","FDI2","strip",17.8619,3,"FDI2","JU1580","elegans","9/14/2022 14:00","9/20/2022 8:30",5.770833333
"328","H5","FDI1","strip",Inf,3,"FDI1","JU1580","elegans","9/14/2022 14:00","9/20/2022 8:30",5.770833333
"329","H6","FDI1","strip",Inf,3,"FDI1","JU1580","elegans","9/14/2022 14:00","9/20/2022 8:30",5.770833333
"330","H7","FDI8","strip",Inf,3,"FDI8","JU1428","tropicalis","9/14/2022 14:00","9/20/2022 8:30",5.770833333
"331","H8","FDI8","strip",Inf,3,"FDI8","JU1428","tropicalis","9/14/2022 14:00","9/20/2022 8:30",5.770833333
"332","H9","FDI10","strip",29.8445,3,"FDI10","JU1428","tropicalis","9/14/2022 14:00","9/20/2022 8:30",5.770833333
"333","H10","FDI10","strip",Inf,3,"FDI10","JU1428","tropicalis","9/14/2022 14:00","9/20/2022 8:30",5.770833333
"334","H11","FDI25","strip",22.9431,3,"FDI25","JU4093","sp.65","9/14/2022 14:00","9/20/2022 8:30",5.770833333
"335","H12","FDI25","strip",26.2164,3,"FDI25","JU4093","sp.65","9/14/2022 14:00","9/20/2022 8:30",5.770833333
"336","A1","FDI6","strip",Inf,0,"FDI6","ZF1092","sp.25","9/14/2022 14:00","9/20/2022 8:30",5.770833333
"337","A2","FDI3","strip",Inf,0,"FDI3","ZF1092","sp.25","9/14/2022 14:00","9/20/2022 8:30",5.770833333
"338","A3","FDI26","strip",Inf,0,"FDI26","JU4093","sp.65","9/14/2022 14:00","9/21/2022 12:45",6.947916667
"339","A4","FDI26","strip",22.4119,3,"FDI26","JU4093","sp.65","9/14/2022 14:00","9/21/2022 12:45",6.947916667
"340","A5","FDI21","strip",Inf,0,"FDI21","JU724","latens","9/14/2022 14:00","9/25/2022 12:30",10.9375
"341","A6","FDI21","strip",24.0206,3,"FDI21","JU724","latens","9/14/2022 14:00","9/25/2022 12:30",10.9375
"342","A7","FDI34","strip",Inf,0,"FDI34","VX80","latens","9/14/2022 14:00","9/25/2022 12:30",10.9375
"343","A8","FDI34","strip",24.2788,3,"FDI34","VX80","latens","9/14/2022 14:00","9/25/2022 12:30",10.9375
"344","A9","FDI20","strip",Inf,0,"FDI20","JU724","latens","9/14/2022 14:00","9/26/2022 8:30",11.77083333
"345","A10","FDI20","strip",23.9138,3,"FDI20","JU724","latens","9/14/2022 14:00","9/26/2022 8:30",11.77083333
"346","A11","FDI31","strip",Inf,0,"FDI31","VX80","latens","9/14/2022 14:00","9/26/2022 8:30",11.77083333
"347","A12","FDI31","strip",Inf,3,"FDI31","VX80","latens","9/14/2022 14:00","9/26/2022 8:30",11.77083333
"348","B1","FDI6","strip",Inf,1,"FDI6","ZF1092","sp.25","9/14/2022 14:00","9/20/2022 8:30",5.770833333
"349","B2","FDI3","strip",Inf,1,"FDI3","ZF1092","sp.25","9/14/2022 14:00","9/20/2022 8:30",5.770833333
"350","B3","FDI26","strip",36,1,"FDI26","JU4093","sp.65","9/14/2022 14:00","9/21/2022 12:45",6.947916667
"351","B4","FDI26","strip",33.2847,3,"FDI26","JU4093","sp.65","9/14/2022 14:00","9/21/2022 12:45",6.947916667
"352","B5","FDI21","strip",25.3216,1,"FDI21","JU724","latens","9/14/2022 14:00","9/25/2022 12:30",10.9375
"353","B6","FDI21","strip",22.8497,3,"FDI21","JU724","latens","9/14/2022 14:00","9/25/2022 12:30",10.9375
"354","B7","FDI34","strip",Inf,1,"FDI34","VX80","latens","9/14/2022 14:00","9/25/2022 12:30",10.9375
"355","B8","FDI34","strip",24.5464,3,"FDI34","VX80","latens","9/14/2022 14:00","9/25/2022 12:30",10.9375
"356","B9","FDI20","strip",Inf,1,"FDI20","JU724","latens","9/14/2022 14:00","9/26/2022 8:30",11.77083333
"357","B10","FDI20","strip",23.0247,3,"FDI20","JU724","latens","9/14/2022 14:00","9/26/2022 8:30",11.77083333
"358","B11","FDI31","strip",Inf,1,"FDI31","VX80","latens","9/14/2022 14:00","9/26/2022 8:30",11.77083333
"359","B12","FDI31","strip",Inf,3,"FDI31","VX80","latens","9/14/2022 14:00","9/26/2022 8:30",11.77083333
"360","C1","FDI6","strip",Inf,1,"FDI6","ZF1092","sp.25","9/14/2022 14:00","9/20/2022 8:30",5.770833333
"361","C2","FDI3","strip",Inf,1,"FDI3","ZF1092","sp.25","9/14/2022 14:00","9/20/2022 8:30",5.770833333
"362","C3","FDI26","strip",28.1937,1,"FDI26","JU4093","sp.65","9/14/2022 14:00","9/21/2022 12:45",6.947916667
"363","C4","FDI26","strip",Inf,3,"FDI26","JU4093","sp.65","9/14/2022 14:00","9/21/2022 12:45",6.947916667
"364","C5","FDI21","strip",23.1407,1,"FDI21","JU724","latens","9/14/2022 14:00","9/25/2022 12:30",10.9375
"365","C6","FDI21","strip",25.22,3,"FDI21","JU724","latens","9/14/2022 14:00","9/25/2022 12:30",10.9375
"366","C7","FDI34","strip",Inf,1,"FDI34","VX80","latens","9/14/2022 14:00","9/25/2022 12:30",10.9375
"367","C8","FDI34","strip",33.5643,3,"FDI34","VX80","latens","9/14/2022 14:00","9/25/2022 12:30",10.9375
"368","C9","FDI20","strip",Inf,1,"FDI20","JU724","latens","9/14/2022 14:00","9/26/2022 8:30",11.77083333
"369","C10","FDI20","strip",27.0232,3,"FDI20","JU724","latens","9/14/2022 14:00","9/26/2022 8:30",11.77083333
"370","C11","FDI31","strip",Inf,1,"FDI31","VX80","latens","9/14/2022 14:00","9/26/2022 8:30",11.77083333
"371","C12","FDI31","strip",Inf,3,"FDI31","VX80","latens","9/14/2022 14:00","9/26/2022 8:30",11.77083333
"372","D1","FDI6","strip",Inf,1,"FDI6","ZF1092","sp.25","9/14/2022 14:00","9/20/2022 8:30",5.770833333
"373","D2","FDI3","strip",Inf,1,"FDI3","ZF1092","sp.25","9/14/2022 14:00","9/20/2022 8:30",5.770833333
"374","D3","FDI26","strip",Inf,1,"FDI26","JU4093","sp.65","9/14/2022 14:00","9/21/2022 12:45",6.947916667
"375","D4","FDI26","strip",21.3638,3,"FDI26","JU4093","sp.65","9/14/2022 14:00","9/21/2022 12:45",6.947916667
"376","D5","FDI21","strip",33.3796,1,"FDI21","JU724","latens","9/14/2022 14:00","9/25/2022 12:30",10.9375
"377","D6","FDI21","strip",21.0675,3,"FDI21","JU724","latens","9/14/2022 14:00","9/25/2022 12:30",10.9375
"378","D7","FDI34","strip",Inf,1,"FDI34","VX80","latens","9/14/2022 14:00","9/25/2022 12:30",10.9375
"379","D8","FDI34","strip",Inf,3,"FDI34","VX80","latens","9/14/2022 14:00","9/25/2022 12:30",10.9375
"380","D9","FDI20","strip",25.8998,1,"FDI20","JU724","latens","9/14/2022 14:00","9/26/2022 8:30",11.77083333
"381","D10","FDI20","strip",23.2612,3,"FDI20","JU724","latens","9/14/2022 14:00","9/26/2022 8:30",11.77083333
"382","D11","FDI31","strip",Inf,1,"FDI31","VX80","latens","9/14/2022 14:00","9/26/2022 8:30",11.77083333
"383","D12","FDI31","strip",Inf,3,"FDI31","VX80","latens","9/14/2022 14:00","9/26/2022 8:30",11.77083333
"384","E1","FDI6","strip",Inf,2,"FDI6","ZF1092","sp.25","9/14/2022 14:00","9/20/2022 8:30",5.770833333
"385","E2","FDI3","strip",Inf,2,"FDI3","ZF1092","sp.25","9/14/2022 14:00","9/20/2022 8:30",5.770833333
"386","E3","FDI26","strip",Inf,2,"FDI26","JU4093","sp.65","9/14/2022 14:00","9/21/2022 12:45",6.947916667
"387","E4","FDI26","strip",29.2536,3,"FDI26","JU4093","sp.65","9/14/2022 14:00","9/21/2022 12:45",6.947916667
"388","E5","FDI21","strip",21.4341,2,"FDI21","JU724","latens","9/14/2022 14:00","9/25/2022 12:30",10.9375
"389","E6","FDI21","strip",23.4629,3,"FDI21","JU724","latens","9/14/2022 14:00","9/25/2022 12:30",10.9375
"390","E7","FDI34","strip",34.0428,2,"FDI34","VX80","latens","9/14/2022 14:00","9/25/2022 12:30",10.9375
"391","E8","FDI34","strip",26.4773,3,"FDI34","VX80","latens","9/14/2022 14:00","9/25/2022 12:30",10.9375
"392","E9","FDI20","strip",27.3893,2,"FDI20","JU724","latens","9/14/2022 14:00","9/26/2022 8:30",11.77083333
"393","E10","FDI20","strip",26.9969,3,"FDI20","JU724","latens","9/14/2022 14:00","9/26/2022 8:30",11.77083333
"394","E11","FDI31","strip",Inf,2,"FDI31","VX80","latens","9/14/2022 14:00","9/26/2022 8:30",11.77083333
"395","E12","FDI31","strip",Inf,3,"FDI31","VX80","latens","9/14/2022 14:00","9/26/2022 8:30",11.77083333
"396","F1","FDI6","strip",Inf,2,"FDI6","ZF1092","sp.25","9/14/2022 14:00","9/20/2022 8:30",5.770833333
"397","F2","FDI3","strip",Inf,2,"FDI3","ZF1092","sp.25","9/14/2022 14:00","9/20/2022 8:30",5.770833333
"398","F3","FDI26","strip",33.4434,2,"FDI26","JU4093","sp.65","9/14/2022 14:00","9/21/2022 12:45",6.947916667
"399","F4","FDI26","strip",20.0132,3,"FDI26","JU4093","sp.65","9/14/2022 14:00","9/21/2022 12:45",6.947916667
"400","F5","FDI21","strip",19.3944,2,"FDI21","JU724","latens","9/14/2022 14:00","9/25/2022 12:30",10.9375
"401","F6","FDI21","strip",26.5309,3,"FDI21","JU724","latens","9/14/2022 14:00","9/25/2022 12:30",10.9375
"402","F7","FDI34","strip",25.0089,2,"FDI34","VX80","latens","9/14/2022 14:00","9/25/2022 12:30",10.9375
"403","F8","FDI34","strip",31.7567,3,"FDI34","VX80","latens","9/14/2022 14:00","9/25/2022 12:30",10.9375
"404","F9","FDI20","strip",26.0764,2,"FDI20","JU724","latens","9/14/2022 14:00","9/26/2022 8:30",11.77083333
"405","F10","FDI20","strip",20.5811,3,"FDI20","JU724","latens","9/14/2022 14:00","9/26/2022 8:30",11.77083333
"406","F11","FDI31","strip",Inf,2,"FDI31","VX80","latens","9/14/2022 14:00","9/26/2022 8:30",11.77083333
"407","F12","FDI31","strip",Inf,3,"FDI31","VX80","latens","9/14/2022 14:00","9/26/2022 8:30",11.77083333
"408","G1","FDI6","strip",Inf,2,"FDI6","ZF1092","sp.25","9/14/2022 14:00","9/20/2022 8:30",5.770833333
"409","G2","FDI3","strip",34.1879,2,"FDI3","ZF1092","sp.25","9/14/2022 14:00","9/20/2022 8:30",5.770833333
"410","G3","FDI26","strip",34.6425,2,"FDI26","JU4093","sp.65","9/14/2022 14:00","9/21/2022 12:45",6.947916667
"411","G4","FDI26","strip",17.0219,3,"FDI26","JU4093","sp.65","9/14/2022 14:00","9/21/2022 12:45",6.947916667
"412","G5","FDI21","strip",21.3625,2,"FDI21","JU724","latens","9/14/2022 14:00","9/25/2022 12:30",10.9375
"413","G6","FDI21","strip",24.0043,3,"FDI21","JU724","latens","9/14/2022 14:00","9/25/2022 12:30",10.9375
"414","G7","FDI34","strip",31.8249,2,"FDI34","VX80","latens","9/14/2022 14:00","9/25/2022 12:30",10.9375
"415","G8","FDI34","strip",35.1562,3,"FDI34","VX80","latens","9/14/2022 14:00","9/25/2022 12:30",10.9375
"416","G9","FDI20","strip",28.4045,2,"FDI20","JU724","latens","9/14/2022 14:00","9/26/2022 8:30",11.77083333
"417","G10","FDI20","strip",25.508,3,"FDI20","JU724","latens","9/14/2022 14:00","9/26/2022 8:30",11.77083333
"418","G11","FDI31","strip",Inf,2,"FDI31","VX80","latens","9/14/2022 14:00","9/26/2022 8:30",11.77083333
"419","G12","FDI31","strip",Inf,3,"FDI31","VX80","latens","9/14/2022 14:00","9/26/2022 8:30",11.77083333
"420","H1","FDI6","strip",Inf,3,"FDI6","ZF1092","sp.25","9/14/2022 14:00","9/20/2022 8:30",5.770833333
"421","H2","FDI3","strip",31.3987,3,"FDI3","ZF1092","sp.25","9/14/2022 14:00","9/20/2022 8:30",5.770833333
"422","H3","FDI26","strip",24.013,3,"FDI26","JU4093","sp.65","9/14/2022 14:00","9/21/2022 12:45",6.947916667
"423","H4","FDI26","strip",Inf,3,"FDI26","JU4093","sp.65","9/14/2022 14:00","9/21/2022 12:45",6.947916667
"424","H5","FDI21","strip",24.3815,3,"FDI21","JU724","latens","9/14/2022 14:00","9/25/2022 12:30",10.9375
"425","H6","FDI21","strip",26.0765,3,"FDI21","JU724","latens","9/14/2022 14:00","9/25/2022 12:30",10.9375
"426","H7","FDI34","strip",28.8822,3,"FDI34","VX80","latens","9/14/2022 14:00","9/25/2022 12:30",10.9375
"427","H8","FDI34","strip",19.9621,3,"FDI34","VX80","latens","9/14/2022 14:00","9/25/2022 12:30",10.9375
"428","H9","FDI20","strip",19.4014,3,"FDI20","JU724","latens","9/14/2022 14:00","9/26/2022 8:30",11.77083333
"429","H10","FDI20","strip",22.8464,3,"FDI20","JU724","latens","9/14/2022 14:00","9/26/2022 8:30",11.77083333
"430","H11","FDI31","strip",33.1034,3,"FDI31","VX80","latens","9/14/2022 14:00","9/26/2022 8:30",11.77083333
"431","H12","FDI31","strip",Inf,3,"FDI31","VX80","latens","9/14/2022 14:00","9/26/2022 8:30",11.77083333
"432","B4","FDI19","strip",28.0942,3,"FDI19","JU724","latens","9/14/2022 14:00","9/29/2022 10:00",14.83333333
"433","B5","FDI19","strip",21.3428,3,"FDI19","JU724","latens","9/14/2022 14:00","9/29/2022 10:00",14.83333333
"434","B6","FDI19","strip",23.5796,3,"FDI19","JU724","latens","9/14/2022 14:00","9/29/2022 10:00",14.83333333
"435","B7","FDI19","strip",29.0394,3,"FDI19","JU724","latens","9/14/2022 14:00","9/29/2022 10:00",14.83333333
"436","B8","FDI19","strip",26.7881,3,"FDI19","JU724","latens","9/14/2022 14:00","9/29/2022 10:00",14.83333333
"437","B9","FDI19","strip",28.3332,3,"FDI19","JU724","latens","9/14/2022 14:00","9/29/2022 10:00",14.83333333
"438","C1","FDI19","strip",Inf,0,"FDI19","JU724","latens","9/14/2022 14:00","9/29/2022 10:00",14.83333333
"439","C2","FDI19","strip",30.1968,1,"FDI19","JU724","latens","9/14/2022 14:00","9/29/2022 10:00",14.83333333
"440","C3","FDI19","strip",25.7721,1,"FDI19","JU724","latens","9/14/2022 14:00","9/29/2022 10:00",14.83333333
"441","C4","FDI19","strip",24.2132,1,"FDI19","JU724","latens","9/14/2022 14:00","9/29/2022 10:00",14.83333333
"442","C5","FDI19","strip",26.4983,2,"FDI19","JU724","latens","9/14/2022 14:00","9/29/2022 10:00",14.83333333
"443","C6","FDI19","strip",25.8457,2,"FDI19","JU724","latens","9/14/2022 14:00","9/29/2022 10:00",14.83333333
"444","C7","FDI19","strip",28.6746,2,"FDI19","JU724","latens","9/14/2022 14:00","9/29/2022 10:00",14.83333333
"445","C8","FDI19","strip",25.1956,3,"FDI19","JU724","latens","9/14/2022 14:00","9/29/2022 10:00",14.83333333
"446","C9","FDI22","strip",26.0226,3,"FDI22","JU724","latens","9/14/2022 14:00","9/27/2022 8:45",12.78125
"447","C10","FDI22","strip",19.0003,3,"FDI22","JU724","latens","9/14/2022 14:00","9/27/2022 8:45",12.78125
"448","C11","FDI22","strip",25.2201,3,"FDI22","JU724","latens","9/14/2022 14:00","9/27/2022 8:45",12.78125
"449","C12","FDI22","strip",23.2443,3,"FDI22","JU724","latens","9/14/2022 14:00","9/27/2022 8:45",12.78125
"450","D1","FDI22","strip",18.3449,3,"FDI22","JU724","latens","9/14/2022 14:00","9/27/2022 8:45",12.78125
"451","D2","FDI22","strip",25.4279,3,"FDI22","JU724","latens","9/14/2022 14:00","9/27/2022 8:45",12.78125
"452","D3","FDI22","strip",25.6217,3,"FDI22","JU724","latens","9/14/2022 14:00","9/27/2022 8:45",12.78125
"453","D4","FDI22","strip",22.234,3,"FDI22","JU724","latens","9/14/2022 14:00","9/27/2022 8:45",12.78125
"454","D5","FDI22","strip",Inf,0,"FDI22","JU724","latens","9/14/2022 14:00","9/27/2022 8:45",12.78125
"455","D6","FDI22","strip",21.7056,1,"FDI22","JU724","latens","9/14/2022 14:00","9/27/2022 8:45",12.78125
"456","D7","FDI22","strip",Inf,1,"FDI22","JU724","latens","9/14/2022 14:00","9/27/2022 8:45",12.78125
"457","D8","FDI22","strip",28.1885,1,"FDI22","JU724","latens","9/14/2022 14:00","9/27/2022 8:45",12.78125
"458","D9","FDI22","strip",20.0445,2,"FDI22","JU724","latens","9/14/2022 14:00","9/27/2022 8:45",12.78125
"459","D10","FDI22","strip",24.9178,2,"FDI22","JU724","latens","9/14/2022 14:00","9/27/2022 8:45",12.78125
"460","D11","FDI22","strip",19.9368,2,"FDI22","JU724","latens","9/14/2022 14:00","9/27/2022 8:45",12.78125
"461","D12","FDI22","strip",24.8825,3,"FDI22","JU724","latens","9/14/2022 14:00","9/27/2022 8:45",12.78125
